type,floor,d,fill_rule
ground,S2,M1069.5 83L215.5 2V77L507 105.5V270H919V286H1091.5V529H919V544.5H507V709.5L314.5 713.5V661L82.5 664V691H2V791.5L1075.5 765.5L1069.5 594.5H1103V645.5H1550.5V199.5H1100V206.5H1073.5L1069.5 83ZM571 619V716L715.5 713V619H571ZM1178 283.5V547H1473V283.5H1178Z,evenodd
rooms_blueprint,S2,M755.414 285L807.568 337.154L819.5 326.5L846 352L870.5 328.5H893.5V270.5H618V390H637.086L742.086 285H755.414Z,
rooms_blueprint,S2,M799.5 537.5H768.5V536.914L868.914 436.5H893.5V471H866C866 507.727 836.227 537.5 799.5 537.5Z,
rooms_blueprint,S2,M610.5 436.5V465H624.5V479.25C624.5 492.643 635.357 503.5 648.75 503.5C661.601 503.5 672.118 493.503 672.947 480.862L628.586 436.5H610.5Z,
rooms_blueprint,S2,M680.5 537.5V488.414L729 536.914V537.5H680.5Z,
rooms_blueprint,S2,M742.5 286L629 399.5H610V435.5H629L730 536.5V547H716V554.5H744V580.5H726V584H719V571.5H683.5V568.5H713V555H590.5V568.5H675V571.5H540.5V609.5H555V614.5H549V641H529V644.5H527V641H512.5V676.5H527V652.5H529V709.5H563V609.5H569V595.5H574V609.5H719V595H726V624.5H722V667H722.5V721.5H737.5V772.5L945 766.5V752H959V740H940.5V736.5H945V713.5H995.5V661H951.5V702H945V621H940.5V617.5H945V577H940.5V571.5H945V555H927V571.5H931V577H927V581.5H917.5V571.5H885.5V568.5H891V555H806V568.5H811V571.5H778.5V584H770.5V580.5H755V554.5H783V547H767.5V536.5L868.5 435.5H899V456H906.5V425H961.5L972 435.5H990L1000.5 425H1091.5V408H1000.5L990 397.5H972L961.5 408H906.5V377.5H899V399.5H868.5L755 286H742.5ZM775 721.5V667H775.5V661H796.5V729H798.5V743.467L815.5 742.913V744.914L796.5 745.533V736.5H766.5V721.5H775ZM796.5 655H775.5V624.5H770.5V595H778.5V609.5H820V614.5H796.5V655ZM838 614.5H875V608H838V614.5ZM867.5 743.221L905.033 741.999L905.016 741.5H917.5V749H927.5V599H917.5V608H883V614.5H904V740.032L867.5 741.22V743.221ZM820 571.5V567.5H875V571.5H820ZM955 683.5H992.5V681.5H955V683.5Z,evenodd
rooms_blueprint,S2,M1026.5 407V370H933.5V407H961.086L971.586 396.5H990.414L1000.91 407H1026.5Z,
rooms_blueprint,S2,M933.5 426V463H1026.5V426H1000.91L990.414 436.5H971.586L961.086 426H933.5Z,
ground,S1,M1069.5 83L215.5 2V77L507 105.5V270H919V286H1091.5V529H919V544.5H507V709.5L314.5 713.5V661L82.5 664V691H2V791.5L1075.5 765.5L1069.5 594.5H1103V645.5H1550.5V199.5H1100V206.5H1073.5L1069.5 83ZM571 619V716L715.5 713V619H571ZM916 619H783.5V712L916 709V619ZM1178 283.5V547H1473V283.5H1178Z,evenodd
rooms_blueprint,S1,M648 204.5V120.068L611.57 117.502L611.42 119.497L614 119.705V128.8L597 126.881V179.5H614V190H611.5V192H643.5V121.756L646 121.932V204.5H564.5V98L719 111.5V126.957L675 123.416V127H666V123H664V192H666V186H675V191.5H710V204.5H648Z,
rooms_blueprint,S1,M675 183V184H666V183H675Z,
rooms_blueprint,S1,M666 181H675V180H666V181Z,
rooms_blueprint,S1,M675 177V178H666V177H675Z,
rooms_blueprint,S1,M666 175H675V138H666V175Z,
rooms_blueprint,S1,M675 135V136H666V135H675Z,
rooms_blueprint,S1,M666 133H675V132H666V133Z,
rooms_blueprint,S1,M675 129V130H666V129H675Z,
rooms_blueprint,S1,M710 189V189.5H677V176H681V137.5H677V125.584L719 128.963V138L725.5 131.5H771L777.5 138V116.5L842.5 122.005V192H843V204.5H797V208.5H788.5V191.5H827.5V147.076L814 146.01V136.845L815.921 136.997L816.079 135.003L778.079 132.003L777.921 133.997L795 135.345V144.51L788.579 144.003L788.421 145.997L825.5 148.924V189.5H788.5V189H755V192.5H759.5V204.5H739V192.5H744V189H710Z,
rooms_blueprint,S1,M844.5 189H845.5V150.726L844.5 150.616V189Z,
rooms_blueprint,S1,M856.5 208.5H847.5V150.945L874.5 153.908V154H875.334L884.391 154.994L884.609 153.006L884.5 152.994V143.158L913 145.908V189H856V205.5H856.5V208.5Z,
rooms_blueprint,S1,M844.5 148.604L858.5 150.14V140.649L856.904 140.495L857.096 138.505L915 144.092V191H858V204.5H931V129.5L844.5 122.174V148.604Z,
rooms_blueprint,S1,M882.5 142.965V152.774L880.5 152.555V142.772L882.5 142.965Z,
rooms_blueprint,S1,M878.5 142.579L876.5 142.386V152.116L878.5 152.335V142.579Z,
rooms_blueprint,S1,M874.5 142.193V151.896L872.5 151.677V142L874.5 142.193Z,
rooms_blueprint,S1,M870.5 141.807L868.5 141.614V151.238L870.5 151.457V141.807Z,
rooms_blueprint,S1,M866.5 141.421V151.018L864.5 150.799V141.228L866.5 141.421Z,
rooms_blueprint,S1,M862.5 141.035L860.5 140.842V150.36L862.5 150.579V141.035Z,
rooms_blueprint,S1,M812 136.687V145.852L810.5 145.734V136.569L812 136.687Z,
rooms_blueprint,S1,M808.5 136.411L807 136.293V145.457L808.5 145.576V136.411Z,
rooms_blueprint,S1,M805 136.135V145.3L803.5 145.181V136.016L805 136.135Z,
rooms_blueprint,S1,M801.5 135.858L800 135.74V144.905L801.5 145.023V135.858Z,
rooms_blueprint,S1,M798 135.582V144.747L797 144.668V135.503L798 135.582Z,
rooms_blueprint,S1,M677 139.5V174H679V139.5H677Z,
rooms_blueprint,S1,M602 244V208.5H644V219H658V208.5H671V221.5H675V208.5H692.5V221.5H688.5V225H692.5V231H688.5V244H675V231H671V244H658V234.5H644V244H602Z,
rooms_blueprint,S1,M712 212.5H719V194.5H712V212.5Z,
rooms_blueprint,S1,M616 129.026V119.866L617.5 119.987V129.195L616 129.026Z,
rooms_blueprint,S1,M619.5 129.421V120.148L621 120.269V129.59L619.5 129.421Z,
rooms_blueprint,S1,M623 129.816V120.431L624.5 120.552V129.986L623 129.816Z,
rooms_blueprint,S1,M626.5 130.211V120.713L641.5 121.923V190H626.5V179.5H629V177.5H599V129.119L628.888 132.494L629.112 130.506L626.5 130.211Z,
rooms_blueprint,S1,M624.5 179.5V190H623V179.5H624.5Z,
rooms_blueprint,S1,M621 179.5V190H619.5V179.5H621Z,
rooms_blueprint,S1,M617.5 179.5V190H616V179.5H617.5Z,
rooms_blueprint,S1,M933 427V461H1027.5V427H1000.5V436H962V427H933Z,
rooms_blueprint,S1,M933 372.5V406.5H962V397.5H1000.5V406.5H1027.5V372.5H933Z,
rooms_blueprint,S1,M1129 412.5V365H1137.5V375.5H1163V393.5H1137.5V402.5H1345.5V524.5H1371.5V544.5H1366V550.5H1371.5V561H1350.5V550.5H1356V544.5H1350.5V531H1345.5V552H1337V562H1345V622.75C1345 630.344 1338.84 636.5 1331.25 636.5C1323.66 636.5 1317.5 630.344 1317.5 622.75V562H1325.5V552H1315.5V541H1304.5L1286.36 522.856C1278.09 529.218 1267.74 533 1256.5 533C1235.79 533 1218.09 520.156 1210.91 502H1168V474.5H1163V530H1158.5V525H1154.5V530H1149.5V525H1145.5V530H1140.5V525H1136.5V530H1131.5V466.5H1144V435.5H1124V426H1128.5V426.5H1163.5V435H1150.5V466H1179.5V490.5H1207.5L1207.92 490.433C1207.64 488.328 1207.5 486.181 1207.5 484C1207.5 456.938 1229.44 435 1256.5 435C1283.56 435 1305.5 456.938 1305.5 484C1305.5 495.876 1301.28 506.765 1294.25 515.246L1311.5 532.5H1316.5V517.8C1321.06 516.873 1324.5 512.838 1324.5 508C1324.5 503.162 1321.06 499.127 1316.5 498.2V493.8C1321.06 492.873 1324.5 488.838 1324.5 484C1324.5 479.162 1321.06 475.127 1316.5 474.2V439.8C1321.06 438.873 1324.5 434.838 1324.5 430C1324.5 424.477 1320.02 420 1314.5 420C1308.98 420 1304.5 424.477 1304.5 430C1304.5 430.338 1304.52 430.671 1304.55 431H1226.45C1226.48 430.671 1226.5 430.338 1226.5 430C1226.5 424.477 1222.02 420 1216.5 420C1210.98 420 1206.5 424.477 1206.5 430C1206.5 430.338 1206.52 430.671 1206.55 431H1174.5V411.5H1163.5V424.5H1129V422H1100V412.5H1129ZM1273.5 486C1273.5 495.389 1265.89 503 1256.5 503C1247.11 503 1239.5 495.389 1239.5 486C1239.5 476.611 1247.11 469 1256.5 469C1265.89 469 1273.5 476.611 1273.5 486Z,evenodd
rooms_blueprint,S1,M563 709.5V609.5H569V595.5H574V609.5H719V571.5H683.5V568.5H713V555H590.5V568.5H675V571.5H540.5V609.5H555V614.5H549V641H529V644.5H527V641H512.5V676.5H527V652.5H529V709.5H563Z,
rooms_blueprint,S1,M722.5 666.5V721.5H737.5V772.5L945 766.5V752H959V740H940.5V736.5H945V713.5H995.5V661H951.5V702H945V621H940.5V617.5H945V577H940.5V571.5H945V555H927V571.5H931V577H927V581.5H917.5V571.5H885.5V568.5H891V555H806V568.5H811V571.5H778.5V609.5H820V638.5H796.5V655H775V661H796.5V729H798.5V743.467L904 740.032V731H829V709.5H831V729H904V639H883V608H917.5V599H927.5V749H917.5V741.5H905.016L905.033 741.999L796.5 745.533V736.5H766.5V721.5H775V666.5H722.5ZM820 567.5V571.5H875V567.5H820ZM829 639V608H875V639H829Z,evenodd
rooms_blueprint,S1,M1511.5 481.856H1522.5V470.5H1537.5V458H1522.5V445H1511.5V394H1498.5V445H1488.5V481.856H1498.5V495.5H1511.5V481.856Z,
rooms_blueprint,S1,M1306.5 271.5V265H1301.5V250.5H1294.5C1288.15 250.5 1283 246.905 1283 240.553C1283 234.202 1288.15 227.5 1294.5 227.5H1301.5V234H1313.5V214.5H1318.5V222H1324V211.5H1335.5V222H1340V214.5H1345.5V222H1359.5V217H1376V238.5H1359.5V270.5H1354.5V257H1345.5V271.5H1340V267.5H1335.5V271.5H1324V267.5H1318.5V271.5H1313.5V257H1308V262H1310.5V271.5H1306.5Z,
stairs,S1,M738.5 201.5H735.5V212.5H719V193.5H710.5V223.5H693V232H710.5V235.5H719V221H735.5V230.5H742V286L664.5 363.5V397L731 330.5V347.5H765.5V330.5L834 399H814.5V434H834L765.5 502.5V481.5H731V502.5L664.5 436V471L663.943 470.943L729.5 536.5V547H716.5V553.5H742.5V571.5H726V585H719V600.25H726V621.5H734V626H721V663.5H729.5V666.5H767V663.5H774V626H759V621.5H770V600.25H779.5V585H770V571.5H754V553.5H780.5V547H767V536.5L868 435.5H898.5V456H906V425H961L971.5 435.5H989.5L1000 425H1056V432.5H1062V425H1065.5V432.5L1073 425H1077C1077 434.2 1069.33 440.833 1065.5 443V456H1063.5V460.5H1099.5V435.5H1113.5V445H1123V426.5H1099.5V408H1123V389H1113.5V397.5H1099.5V373H1062V377.5H1065.5V390.5C1076.3 396.9 1077.67 405.833 1077 409.5H1073L1065.5 402V408H1062V402H1056V408H1000L989.5 397.5H971.5L961 408H906V377.5H898.5V399.5H868L754.5 286V230.5H761V221H777V235.5H785V232H802V244.5H873V207H856V208.5H847V207H796.5V208.5H788V207H785V193.5H777V212.5H761V201.5H759V204.5H738.5V201.5ZM711.5 212.5H718.5V194.5H711.5V212.5Z,evenodd
stairs,S1,M1317 585.5V573.5H1290.5V585.5H1317Z,
stairs,S1,M944.5 598.5V582.5H977V598.5H944.5Z,
stairs,S1,M540 571.5L540 610C524 610 520.333 602.333 520.5 598.5V582.5C520.5 571.7 533.5 570.667 540 571.5Z,
stairs,S1,M1345 573.5H1371V585.5H1345V573.5Z,
ground,RC,M1069.5 83L215.5 2V77L507 105.5V270H919V286H1091.5V529H919V544.5H507V705.5L314.5 711.5V661H85.5V691H42V780.5L1073.5 757.5L1069.5 594.5H1100V640.5H1550.5V199.5H1100V206.5H1073.5L1069.5 83ZM571 615V714L715.5 711V615H571ZM916 615H783.5V709L916 706V615ZM1178 283.5V544H1470V283.5H1178Z,evenodd
rooms_blueprint,RC,M636.503 56.917L637.127 49.4388L622.075 48.1363L621.497 55.0831L619.503 54.917L620.083 47.9639L584.348 44.8714L582.497 67.0831L580.503 66.917L582.355 44.699L568.5 43.5L565.5 68.5H551.5L548.5 106.5H530V119H553V121H530V145H542V147H530V185.5H540.5V185H552.5V187H542V206H552.5V208H542V209H530V221H552.5V223H530V246.5H560.5V231.5H562.5V246.5H585.5V231.5H587.5V246.5H632.5V221H634.5V236.5H655V238.5H634.5V246.5H698.5V228.5H683V240.5H681V226.5H698.5V208.5H684V219H682V208.5H667.5V240H665.5V208.5H643V192.5H610.5V190.5H643V106.236L639.433 105.998L639.567 104.002L669.567 106.002L669.433 107.998L645 106.369V206.5H698.5V205.5H718V192H673V123.893L718 128.495V112.5L676 109L678 96H668.5L672.5 52.5L639.119 49.6113L638.497 57.0831L636.503 56.917ZM636.417 71.9966L618.417 70.4965L618.583 68.5035L636.583 70.0035L636.417 71.9966ZM616.919 82.9967L635.419 84.4967L635.581 82.5033L617.081 81.0033L616.919 82.9967ZM616 101.538V91.5H618V101.705L621.583 102.003L621.417 103.997L562.741 99.1068L562.498 102.57L560.502 102.43L562.502 73.93L564.498 74.07L562.881 97.1116L578.09 98.379L580.003 75.417L581.997 75.583L580.083 98.5451L616 101.538ZM633 93V103.5H628V105.5H635V93H633ZM544.5 239V231H546.5V239H544.5ZM603.5 214.5V238.5H605.5V214.5H603.5ZM616.5 238.5V214.5H618.5V238.5H616.5ZM562.5 203.5H560.5V208.5H564.5V221.5H561V223.5H566.5V208.5H585.5V222H581V224H587.5V208.5H623.5V206.5H562.5V203.5ZM596 127.897L627.598 131.005L627.402 132.995L598 130.103V178.5H627.5V180.5H596V127.897ZM662 123V191.5H664V123H662ZM653.503 63.917L651.503 87.917L653.497 88.083L655.497 64.083L653.503 63.917ZM597.503 85.917L599.503 61.917L601.497 62.083L599.497 86.083L597.503 85.917ZM549 147H560.5V171H535V173H560.5V195H562.5V119H560.5V145H549V147Z,evenodd
rooms_blueprint,RC,M717.898 130.495L718 129.5V135.5H722.5V131H733V134H737.5V132H756.5V134H761.5V132H771.5V134H776L781 62.5L805.358 64.5924L803.504 85.9134L805.496 86.0866L807.35 64.7636L823.397 66.142L821.504 87.9134L823.496 88.0866L825.39 66.3132L843.421 67.8622L841.504 89.9134L843.496 90.0866L845.414 68.0334L861.374 69.4044L859.504 90.9134L861.496 91.0866L863.367 69.5756L881.312 71.1171L879.504 91.9134L881.496 92.0866L883.305 71.2883L933.444 75.5955L931.504 97.9134L933.496 98.0866L935.437 75.7666L948.333 76.8744L946.504 97.9134L948.496 98.0866L950.326 77.0456L971.163 78.8356L969.504 97.9134L971.496 98.0866L973.155 79.0067L989.029 80.3704L987.504 97.9134L989.496 98.0866L991.022 80.5415L1008 82L1006.5 105H1059L1059.16 113H1039.5V115H1059.2L1059.52 131H1039.5V133H1059.56L1059.84 147H1039.5V149H1059.88L1060.65 188H1041.5V190H1060.69L1061 205.5H1042.5V211H1048.5V227.5H1040V230.163C1047.99 231.213 1054.41 237.224 1056.08 245H1067.5V234H1107.5V222.5H1154.5V249H1164.5V227.5H1252.5V241.5H1254.5V227.5H1257V224H1254.5V214H1268V224H1265V227.5H1271.5V214H1294.5V220.5L1303 229.5H1311V214H1316.5V229.5H1320V212H1333V229.5H1335.5V214H1342.5V229.5H1348L1358.5 214H1392.5V227.5H1400.5V254.5H1402.5V227.5H1491.5V249H1500.5V244H1514.5V217.5H1500.5V205H1538V257H1533.5V269H1538V378H1523.5V361H1510.5V363H1521.5V378H1509.5V394.5H1521V412.5H1527V421H1521V437.5H1508V447H1521V467H1524V458H1538V557H1533.25V563H1538V630H1500.5V628H1487.5V630H1446V600H1465V598H1444V630H1387.5V620.5H1385.5V630H1364.5V600H1385V610H1387V598H1348.5V598.5H1348V575H1340V624C1339 627.333 1334.8 634 1326 634C1317.2 634 1313 627.333 1312 624V575H1305V596.5H1288V606.014C1288.05 606.011 1288.1 606.009 1288.15 606.007L1288.18 606.006L1288.22 606.004C1288.31 606.001 1288.41 606 1288.5 606C1293.47 606 1297.5 610.029 1297.5 615C1297.5 619.971 1293.47 624 1288.5 624C1288.41 624 1288.33 623.999 1288.24 623.996C1288.16 623.994 1288.08 623.991 1288 623.986V630H1264.5V625H1262.5V630H1202.5V625H1200.5V630H1162V624H1150V634H1109V580.5H1100.5V586.5H1065.5V571.5H1053.87C1052 575.579 1048.64 578.837 1044.5 580.588V588H1056.5V619H1047.5V621H1056.5V660H1047.5V662H1056.5V677.5H1047.5V679.5H1057V714.5H1050.5V716.5H1057V744L1028.5 745.5V733H1020.5V745.5L958.5 747.475V734.5H956.5V747.538L942 748V740H934V748H923V627H927.5V619H923V596.5H915V609.5H777.5V571.5H915V586.5H923V557.5H942V619H938V627H942V646.5H944V621H977V557.5H1014V561.5H1019.67C1020.89 552.742 1028.41 546 1037.5 546C1045.15 546 1051.68 550.771 1054.29 557.5H1100.5V571.5H1124V563H1109V538H1120.5V537.5H1128V535.5H1120.5V463.5H1159.5V535.5H1152.5V537.5H1159.5V563H1131.5V571.5H1173.5V563H1195.5V575.5H1197.5V563H1216.5V575.5H1218.5V563H1238.5V575.5H1240.5V563H1264.5V575.5H1266.5V563H1288V585.5H1294V563H1450.5V578H1452.5V563H1487V578H1489V563H1500.5V557H1487.5V534H1496V532H1487.5V511.5H1496V509.5H1487.5V487.5H1496V485.5H1487.5V447H1500.5V437.5H1487.5V421H1481.5V412.5H1487.5V394.5H1500.5V378H1487.5V363H1498.5V361H1487.5V299.5H1498.5V297.5H1487.5V269H1503.5V257H1491.5V262.5H1379V247H1345.5V234.5H1342.5V262.5H1335.5V250.5H1333V262.5H1320V250.5H1316.5V262.5H1311V234.5H1308V245H1296V234.5H1293V245H1270.5V236.5H1268.5V257.5H1270.5V262.5H1254.5V250.5H1252.5V262.5H1164.5V257.5H1154.5V261H1141V265H1159.5V287H1141V291H1159.5V312.5H1141V316H1159.5V348H1141V352H1159.5V371H1114.5V352H1132V348H1114.5V316H1132V312.5H1114.5V291H1132V287H1114.5V282.5C1111.5 282.5 1105.5 281.1 1105.5 275.5C1105.5 269.9 1111.5 268.5 1114.5 268.5V265H1132V261H1107.5V257.5H1101.5V262.5H1067.5V253H1056.08C1054.24 261.573 1046.62 268 1037.5 268C1028.38 268 1020.76 261.573 1018.92 253H1015V259H990V253H976.5V262.5H932V241.5H976.5V246.5H990V237H1015V246.5H1018.66C1019.64 239.034 1024.96 232.934 1032 230.808V227.5H1026.5V211H1032L1026.5 205.5H1005.5V165.5H1014.5V163.5H1003.5V205.5H967.5V196H965.5V205.5H941.5V234H925V246.5H911.5V233H909.5V246.5H879.5V234H874V222.5H879.5V209H863.5V205.5H843V192H913.5V144.585L856.088 139.504L855.912 141.496L911.5 146.415V190H841V205.5H776V192H826V148.577L787.58 145.503L787.42 147.497L824 150.423V190H754V192H758.5V209H737.5V192H740.5V190H675V126.107L717.898 130.495ZM1528.5 563V557H1524V473.5H1521V485.5H1511.5V487.5H1521V509.5H1511.5V511.5H1521V532H1511.5V534H1521V557H1509.5V563H1515.5C1515.5 560.791 1517.29 559 1519.5 559C1521.71 559 1523.5 560.791 1523.5 563H1528.5ZM1028.5 714.5V679.5H1036V677.5H1028.5V675H1011.5V677H1019.5V699H998V677.5H1004.5V675.5H996V699H944V663.5H942V713H934V728.5H942V715.5H956.5V727H958.5V715.5H967.5V713H958.5V701H1020.5V713H1009V715.5H1002V713H979V715.5H1020.5V725H1028.5V716.5H1037V714.5H1028.5ZM1033.5 581.554C1027.63 580.222 1022.85 576.019 1020.71 570.5H1011.5V573.5H1017V604.5H1011.5V607H1027.5V588H1033.5V581.554ZM1019.5 137.5L976.5 134.5V132.5L1004 134.5L1005 116H1019.5V137.5ZM1021 164V196H1023V164H1021ZM893 236.5V217.5H895V236.5H893ZM909.5 208.5V223.5H911.5V208.5H931.5V130.367L955.893 132.994L956.107 131.006L929.664 128.158L931.496 107.087L929.504 106.913L927.675 127.944L923.607 127.506L923.393 129.494L929.5 130.152V206.5H875V208.5H909.5ZM965.5 185V159H967.5V185H965.5ZM914.431 128.998L870.931 125.998L871.069 124.002L877.525 124.448L878.501 103.952L880.499 104.048L879.521 124.585L909.1 126.625L913.003 74.4254L914.997 74.5746L911.095 126.763L914.569 127.002L914.431 128.998ZM776.409 134.996L814.909 138.496L815.091 136.504L776.591 133.004L776.409 134.996ZM777.407 119.996L841 125.911V151.93L883.428 154.997L883.572 153.003L843 150.07V124.089L839.61 123.773L841.496 102.087L839.504 101.913L837.619 123.588L819.598 121.912L821.496 100.087L819.504 99.9134L817.607 121.727L801.57 120.235L803.496 98.0866L801.504 97.9134L799.579 120.05L777.593 118.004L777.407 119.996ZM855.504 125.913L857.504 102.913L859.496 103.087L857.496 126.087L855.504 125.913ZM965.5 130V144.5H967.5V130H965.5ZM1488 586.5V586H1486V597H1472.5V618.5H1474.5V599H1487.5V622H1500V619H1516V611H1525V619H1528.5V590H1525C1524.33 592 1522.4 596 1520 596C1517.6 596 1516.33 592 1516 590H1500V586.5H1488ZM1521 299.5H1510.5V297.5H1521V267.5H1524.5V258.5H1526.5V269.5H1523V353H1521V299.5ZM1198.5 257.5V236.5H1200.5V257.5H1198.5ZM1232.5 236.5V257.5H1234.5V236.5H1232.5ZM1449.5 236.5H1451.5V257.5H1449.5V236.5ZM1419.5 587.5V572H1417.5V587.5H1419.5ZM1386.5 572V587.5H1384.5V572H1386.5ZM1437 600H1394.5V598H1437V600ZM1170 588.5H1172V598H1195.5V585.5H1197.5V598H1216.5V585.5H1218.5V598H1238.5V585.5H1240.5V598H1264.5V585.5H1266.5V606.5H1264.5V600H1202.5V606H1200.5V600H1170V588.5ZM1525 224V215.5H1527V224H1525ZM1150.5 588H1162.5V605H1150.5V588ZM983.5 574H992V570H983.5V574ZM992 606H983.5V602H992V606ZM1036 621H1028.5V660H1036V662H1011V660H1017.5V621H1011V619H1036V621ZM994.5 621H986.5V619H1004V621H996.5V632H1003.5V634H996.5V642.5H1003V644.5H994.5V621ZM996.5 660H1003.5V662H996.5V660Z,evenodd
rooms_blueprint,RC,M721.5 711.5H773.5V615H721.5V711.5Z,
rooms_blueprint,RC,M717.5 610.5V573.5H573V610.5H717.5Z,
rooms_blueprint,RC,M561.5 678V615H545V645H537.5V658H550V661H528V678H561.5Z,
rooms_blueprint,RC,M337 755.5V720H323.5V727.5H320.5V720H305.5V727.5H302.5V670H195.5V687.5H191.5V670L141 672V758.5H157V749.5H159.5V758.5H174V739H177.5V758.5H191.5V729.5H195.5V758.5H209.5V739H212.5V758.5H229V729.5H231.5V758.5H247.5V725.5H267V755.5H302.5V749.5H305.5V755.5H320.5V749.5H323.5V755.5H337ZM267.5 682H246.5V712H194.5V696H192.5V712H157.5V686.5H155.5V740H157.5V714H246.5V718H267.5V682Z,evenodd
stairs,RC,M670 74.5L681 76.5L683.5 53.5L707 56.5V64.5H691.5V79L702 76.5L704.5 67H718L716 98.5H702V88.5L691.5 83.5L689 98.5L702 100.5V108.5L681 106.5V83.5H670V74.5Z,
stairs,RC,M941.5 207H981.5V220H941.5V207Z,
stairs,RC,M1512.5 227H1500.5V244H1512.5V227Z,
stairs,RC,M1306.5 246H1270.5V264H1306.5V246Z,
stairs,RC,M1160 395.5H1135.5V387H1148.5V384H1106.5V450H1148.5V447H1135.5V438.5H1160V459H1140.5V463H1132V459H1098V375H1132V371H1140.5V375H1160V395.5Z,
stairs,RC,M1344.5 246H1380.5V264H1344.5V246Z,
stairs,RC,M876 248.5H800.5V234H787V208.5H876V248.5Z,
stairs,RC,M941.5 222H981.5V235H941.5V222Z,
stairs,RC,M137.5 703H143.5V717.5H137.5V759.5H52V734.5H45V721H52V697H105V705H114.5V685.5H105V672.5H137.5V703Z,
stairs,RC,M977.5 557H941V570H977.5V557Z,
stairs,RC,M977.5 575H941V601.5H977.5V575Z,
stairs,RC,M941 605.5H977.5V618H941V605.5Z,
stairs,RC,M539 572.5H573V611H560V615H554V611H539C534.333 610.667 525 606.1 525 590.5C525 574.9 534.333 572 539 572.5Z,
stairs,RC,M725 586.5H717V596.5H725V608H739V615.5H754.5V608H769V596.5H777.5V586.5H769V573.5H725V586.5Z,
stairs,RC,M1501.5 590H1511.5V613H1501.5V590Z,
ground,N1,M1069.5 83L215.5 2V77L507 105.5V270H919V286H1091.5V529H919V544.5H507V705.5L314.5 711.5V661H85.5V691H42V780.5L1073.5 757.5L1069.5 594.5H1100V640.5H1550.5V199.5H1100V206.5H1073.5L1069.5 83ZM573 107V201H715.5V120L573 107ZM786 126.5V201H925.5V140L786 126.5ZM976.5 201H1016.5V148L976.5 144.5V201ZM571 615V714L715.5 711V615H571ZM916 615H783.5V709L916 706V615ZM1178 283.5V544H1470V283.5H1178Z,evenodd
rooms_blueprint,N1,M444.005 56.7292L446.197 33.9653L394.351 29.4518L391.995 53.9209L390.005 53.7292L392.359 29.2783L367.289 27.0958L364.995 50.9209L363.005 50.7292L365.297 26.9224L314.5 22.5L310 76L360.312 80.1531L362.647 55.9042L364.637 56.0958L362.305 80.3176L387.385 82.3879L389.647 58.9042L391.637 59.0958L389.379 82.5525L441.246 86.834L443.647 61.9042L445.637 62.0958L443.24 86.9985L522 93.5L524 73L546 74.5L543.5 95.5L554 97V112.5C552.833 111.667 549.6 110 546 110C542.4 110 536.833 112.333 534.5 113.5V127H538V130.5H534.5V169L537.5 172V174.5C535.667 174.667 532 176 532 180C532 184 535.667 185 537.5 185V189L534.5 192V211.5H530.942C530.447 207.277 526.856 204 522.5 204C517.806 204 514 207.806 514 212.5C514 216.506 516.771 219.864 520.5 220.763V224.5H516.5V263H565V243.5H569.5V248H639.5V215.5H652V227H660.5V215.5H673.5V248H712V233H747V235.5H743V255.5H739V235.5H725V262.5H777.5V235.5H762.5V255.5H759.5V235.5H755.5V233H790V224.5H777.5V211H756V209H777.5V195H764V193H777.5V180H764V178H777.5V165H764V163H777.5V150H764V148H777.5V135H764V133H777.5V118.5H774.5V116.5H777.5V94H793.5L791.5 117.5L822.17 120.08L824.305 97.9042L826.296 98.0958L824.163 120.247L952 131V135H935V207H953.5V209H915.5V224.5H913.5V209H882.5V224.5H878V233H882.5V249H913.5V233.5H915.5V249H935V264H980V252.5H986.5V259H1018.5V254H1021.42C1023.26 262.573 1030.88 269 1040 269C1049.12 269 1056.74 262.573 1058.58 254H1070V264H1103.5V254H1109.5V260.5H1124.5V267.5H1109.5V288H1116.5V371H1162.5V267.5H1152V260.5H1156.5V254H1161V265.5H1271V233H1274.5V238.5H1304.5V271H1317.5V265.5H1319.5V271H1337.5V265.5H1339.5V271H1351V244H1335V242H1351V234.5H1335V232.5H1351V233H1368V239.5H1388V235H1390V254H1388V241.5H1378V265.5H1485V236H1472V253.5H1470V234H1485V222.5H1387.5V217.5H1354.5V228.5H1351V209.5H1305.5V228.5H1300.5V226.5H1303.5V214H1296V212H1280.5V214H1272.5V228.5H1270.5V214H1256.5V228.5H1254.5V222.5H1161V225H1156.5V217.5H1109.5V246.5H1103.5V235H1070V245H1058.34C1056.57 238.525 1051.47 233.426 1045 231.665V229.5H1052V211H1045V208H1064L1061.5 92.5H1024V106.5L1010.5 105.5L1010.5 105.46L1007 105.148V103.14L1010.64 103.464L1012 83L791.5 63.5L789.5 86.5L777.5 85V62.5L724.5 58V81H711.5V88L724.5 89.5V111.5H729V118.5H724.5V133H734.5V135H724.5V148H734.5V150H724.5V163H734.5V165H724.5V178H734.5V180H724.5V193H734.5V195H724.5V209H746.5V211H724.5V224.5H714V226H695V238H693V223.5H688.5V221.5H693V216H695V224H712V209H569.5V213H565V97L565.366 97.0323L567.497 74.9042L569.487 75.0958L567.358 97.2084L600.167 100.108L602.305 77.9042L604.296 78.0958L602.159 100.284L635.674 103.246L637.826 80.9042L639.817 81.0958L637.667 103.422L672.5 106.5L675.051 76.4539L659.904 74.9954L660.096 73.0046L675.22 74.4609L677 53.5L572.445 44.5381L569.995 69.9761L568.005 69.7844L568.629 63.301L547 61V65L525 63.5L527 41L448.189 34.1388L445.995 56.9209L444.005 56.7292ZM340.688 29.9042L337.046 67.7292L339.037 67.9209L342.679 30.0958L340.688 29.9042ZM415.621 79.7108L419.647 37.9042L421.637 38.0958L417.612 79.9025L415.621 79.7108ZM471.03 52.9042L468.059 83.7614L470.05 83.9531L473.021 53.0958L471.03 52.9042ZM585.88 52.9042L587.871 53.0958L586.634 65.9425L590.099 65.9646L590.087 67.9645L584.433 67.9286L585.88 52.9042ZM623.106 69.8743L639.046 71.409L640.442 56.9042L642.433 57.0958L641.036 71.6007L651.021 72.5621L650.829 74.5529L640.845 73.5915L640.612 76.0084L638.621 75.8167L638.854 73.3998L618.479 71.4379L618.671 69.4471L621.116 69.6826L622.442 55.9042L624.433 56.0958L623.106 69.8743ZM541.436 124.351C541.825 123.315 543.509 121 547 121C550.522 121 552.559 123.354 553.106 124.447L554.895 123.553C554.108 121.979 551.478 119 547 119C542.491 119 540.175 122.019 539.564 123.649L541.436 124.351ZM555 133.5V127H557V133.5H555ZM555 153V159.5H557V153H555ZM555 192V169H557V192H555ZM555 139V146H557V139H555ZM525.5 224V221.5C528.3 221.1 530.667 217.333 531.5 215.5H534.5V224H525.5ZM566 225V216.5H568V220H580.5V222H568V225H566ZM550.5 222.5H557.5V220.5H550.5V222.5ZM566 232V236H568V232H566ZM587 222H590V239H592V222H596V220H587V222ZM606.5 218V221H603.5V223H606.5V229H608V239H623V229H628V227H608.5V218H606.5ZM737 70H743V72H739V82H737V70ZM739 90H737V104.5H743V102.5H739V90ZM763.5 74.5H760.5V72.5H765.5V84.5H763.5V74.5ZM763 92.5V105H760.5V107H765V92.5H763ZM735.5 118.5V113L768 115.5V118.5H735.5ZM803.089 85.0039L812 85.7965V87.8044L802.911 86.9961L803.089 85.0039ZM821 86.597L824.859 86.9402L826.017 74.9042L828.008 75.0958L826.851 87.1174L851 89.2653V91.2732L821 88.6049V86.597ZM886 94.3862L860 92.0737V90.0658L862.822 90.3168L864.017 77.9042L866.008 78.0958L864.814 90.494L883.835 92.1857L885.017 79.9042L887.008 80.0958L885.827 92.3629L886 92.3783V94.3862ZM921 97.4991L896 95.2756V93.2677L914.858 94.9449L916.017 82.9042L918.008 83.0958L916.85 95.1222L921 95.4913V97.4991ZM998 104.348L970 101.857V99.8494L974.826 100.279L976.017 87.9042L978.008 88.0958L976.818 100.456L998 102.34V104.348ZM956 100.612V98.6042L952.831 98.3224L954.008 86.0958L952.017 85.9042L950.839 98.1452L937.767 96.9825L939.008 84.0958L937.017 83.9042L935.775 96.8054L930 96.2917V98.2996L956 100.612ZM790 86.5H794.5V84.5H790V86.5ZM989.122 134.109L1008 135.5L1009.35 121H1005V119H1009.5V119.375L1010 114H1023.5L1027.5 208.5H1036V211.5H1030.5V229.5H1036V231.5C1035 231.5 1031.9 232.4 1027.5 236C1023.1 239.6 1022 243.5 1022 245H1018V236H987.5V245H980V239.5H931.5V223H935.5V236.5H945.5V223H972.5V236.5H980V208.5H975V209H961.5V207H969V135.5H960.5V132L987.127 133.962L989.251 111.904L991.241 112.096L990.721 117.5H995V119.5H990.529L989.122 134.109ZM1030.5 116.5H1048V114.5H1030.5V116.5ZM1048 134.5H1030.5V132.5H1048V134.5ZM1030.5 150.5H1048V148.5H1030.5V150.5ZM1051.5 171.5H1050V189.5H1051.5V191.5H1030.5V189.5H1048V171.5H1030.5V169.5H1051.5V171.5ZM897 217.5V241.5H899V217.5H897ZM1133 261H1145V268H1133V261ZM1161 236H1158V245H1161V236ZM1213 254.5H1190V252.5H1197V234.5H1182.5V252H1186V254H1180.5V232.5H1213V234.5H1199V252.5H1213V254.5ZM1222 234.5H1217V232.5H1224V240H1240V233H1242V240H1255V233.5H1257V242H1242V253.5H1240V242H1224V254.5H1219V252.5H1222V234.5ZM1255 246V253H1257V246H1255ZM1326 232.5H1305V253.5H1307V244.5H1318V253.5H1320V244.5H1325V242.5H1320V241.5H1318V242.5H1307V234.5H1326V232.5ZM1403.5 254V233.5H1405.5V241.5H1421.5V233.5H1423.5V241.5H1443.5V233.5H1445.5V241.5H1458.5V233.5H1460.5V254H1458.5V243.5H1445.5V254H1443.5V243.5H1423.5V254H1421.5V243.5H1405.5V254H1403.5ZM1154.5 351.5H1125.5V349.5H1154.5V351.5ZM1125.5 312.5H1154.5V310.5H1125.5V312.5ZM1154.5 289.5H1125.5V287.5H1154.5V289.5Z,evenodd
rooms_blueprint,N1,M1514 269.5V257H1505V269.5H1489V286.5H1500V288.5H1489V310H1500V312H1489V380H1500V394H1482.5V439H1492.5V446H1489V564H1502V578H1485C1485 574 1479.67 573.667 1477 574V569H1454V580.5H1452V569H1421V580.5H1419V569H1389V580.5H1387V569H1361.5V581H1351V562H1306V581H1294.5V569H1270V573.5H1268V569H1243V573.5H1241V569H1200V573.5H1198V569H1175.5V573.5H1123.5V565H1162V547H1153.5V544H1162V463H1123.5V544H1139V547H1111.5V571.5H1102V557H1069V586.5H1102V582.5H1111.5V596.5H1117V634H1154V623.5H1167V627H1205V623.5H1207V627H1241V623.5H1243V627H1268V623.5H1270.5V629.5H1307V633H1351V629.5H1477V599H1464V596.5H1477V591C1483.8 590.2 1485.17 586.667 1485 585H1502V591H1515.5V616H1525.5V591H1539.5V571.5H1511V564H1522.5V446H1520V439H1522.5V394H1511V380H1522.5V312H1511V310H1522.5V288.5H1511V286.5H1522.5V269.5H1514ZM1154 616V596.5H1174V587.5H1176V596.5H1198V587.5H1200V596.5H1241V587.5H1243V596.5H1268V587.5H1270V596.5H1294.5V588.5H1306V599H1323V606H1306V616H1294.5V606H1270.5V614H1268V601H1243V616H1241V601H1207V616H1205V601H1167V616H1154ZM1350 599V587.5H1362V596.5H1387V587.5H1389.5V596.5H1419V588H1421V596.5H1452.5V588H1454.5V598.5H1448V616H1446V598.5H1412V616H1410V598.5H1389.5V617.5H1387V606H1362V616H1350V606H1334V599H1350ZM1514 440H1498V445H1514V440ZM1497.5 506H1514.5V513H1512.5V508H1499.5V513H1497.5V506ZM1498 483H1514V481H1498V483ZM1514 535H1498V533H1514V535ZM1312.5 569.5H1318V571.5H1314.5V575H1312.5V569.5ZM1318 593H1312.5V587.5H1314.5V591H1318V593ZM1344 569.5H1338.5V571.5H1342V575H1344V569.5ZM1338.5 593H1344V587.5H1342V591H1338.5V593Z,evenodd
rooms_blueprint,N1,M1005 619H992V604H998V599.5H992V574H998V570.5H992V557.5H1017.5V570.5H1021.5V619H1013.5V620H1021L1021.92 658H1014V660H1021.96L1022.86 697H1014V699H1022.9L1024 744.5L962.5 745.5V732.5H954L949 737.5V745.5L463.959 756.908C463.5 762.006 459.217 766 454 766C448.944 766 444.764 762.248 444.094 757.376L369.999 759.118C369.936 764.587 365.483 769 360 769C354.675 769 350.322 764.837 350.017 759.588L290 761V750.5H286V761H256V739H242.5V754H244.5V742H253.5V761L139 763.5V747H134.5V763.5H119V744.5H134.5V742H119V728.5H115V734.5H58.5V716H115V722H118.5V708H134.5V705.5H118.5V686H135V696.5H140V686L252 684V703.5H244.5V691H242V705.5H255.5V682.5H285V745H290V730L350.012 728.513C350.266 723.216 354.64 719 360 719C365.192 719 369.459 722.957 369.952 728.019L444.002 726.185L444 726.095L444 726C444 720.477 448.477 716 454 716C459.419 716 463.831 720.31 463.995 725.689L557 723.385V721H549.5V705.5H532V644.5H549.5V611.5H565V723.187L734 719V710H725V624L734 615H742.5V611H747.5V607H725V602.5H720.5V609.5H574.5V598.5H572V584H574.5V572H720.5V579.5H725V556.5H776V579.5H780.5V572H919V586.5H921V596.5H919V610H780.5V602.5H776V607H755V611H759.5V615H768L777 624V710H768V719L931 715.5V711.5H926V620.5H936.5V619H946V711.5H940V715.5H948V721L954 727H962.5V700H1006.5V697H999V660H1006V658H999V620.5H1005V619ZM721 586H725V596H721V586ZM780 586H776V596H780V586ZM741 710H760V720H741V710ZM154.5 744.5H168V756H170V744.5H183V756H185V744.5H197V757H199V731H197V742.5H139.5V744.5H152.5V756H154.5V744.5ZM196.5 707H139.5V705H150.5V693.5H152.5V705H166V693.5H168V705H196.5V692H198.5V718H196.5V707ZM211 692H213V704H226V692.5H228V704H237.5V706H211V692ZM214 755V743H227V754.5H229V743H238.5V741H212V755H214ZM766 645H737.5V643H766V645ZM553 675.5H539.5V673.5H553V675.5Z,evenodd
rooms_blueprint,N1,M1048 582.505C1055.05 579.567 1060 572.612 1060 564.5C1060 553.73 1051.27 545 1040.5 545C1029.73 545 1021 553.73 1021 564.5C1021 573.721 1027.4 581.447 1036 583.478V587.5H1030L1033.5 744H1061.5L1057 587.5H1048V582.505Z,
rooms_blueprint,N1,M1148 398V438H1101V398H1148Z,
stairs,N1,M679.135 74.4784L673.163 73.9033L672.3 82.8619L678.273 83.437L676.787 98.8656L691.718 100.303L690.903 108.764L715.788 111.16L717.849 85.7593L714.89 84.8967L715.561 81.9289L718.52 82.7915L720.964 57.4089L696.079 55.0128L695.36 62.4782L680.429 61.0405L679.135 74.4784ZM682.981 91.9273L685.185 69.0332L694.641 69.9437L692.437 92.8378L682.981 91.9273Z,evenodd
stairs,N1,M1540.5 257.5H1485V250H1488V227H1498.5V250H1503V245.5H1515.5V237.5H1503V205.5H1540.5V257.5Z,
stairs,N1,M790 209.5V233H803.5V248.5H878.5V209.5H803.5V224.5H799V209.5H790Z,
stairs,N1,M639.5 238V215.5H652V227H660.5V215.5H673.5V238H639.5Z,
stairs,N1,M1162.5 464V435.5H1170V399H1162.5V371H1151V376H1101.5V394H1151V440H1101.5V458.5H1151V464H1162.5Z,
stairs,N1,M1502.5 629V598.5H1514V618.5H1528V590.5H1539.5V629H1502.5Z,
stairs,N1,M1304.5 265H1271.5V239.5H1304.5V265Z,
stairs,N1,M1378 265H1351V241H1378V265Z,
stairs,N1,M90.5 765V738.5H101V755.5H105.5V735H116.5V765H90.5Z,
stairs,N1,M1069 570V561.5H1059.94C1059.18 551.155 1050.54 543 1040 543C1029.46 543 1020.82 551.155 1020.06 561.5H1018V557H926V582.5H921V600H926V619H992V604H998V599.5H992V574H998V570.5H992V557.5H1017.5V570.5H1021V570H1021.26C1021.29 570.088 1021.33 570.177 1021.36 570.264C1021.39 570.343 1021.42 570.422 1021.45 570.5H1021.5V570.613C1022.24 572.418 1023.24 574.09 1024.45 575.584C1022.28 572.437 1021 568.617 1021 564.5C1021 553.73 1029.73 545 1040.5 545C1051.27 545 1060 553.73 1060 564.5C1060 566.41 1059.73 568.256 1059.21 570H1069Z,
stairs,N1,M572 610H565V611.5H557V610H540L528 598V610H515V556.5H565V572.5H572V610Z,
stairs,N1,M548 705.5V721H549.5V705.5H548Z,
ground,N2,M1069.5 83L215.5 2V77L507 105.5V270H919V286H1091.5V529H919V544.5H507V705.5L314.5 711.5V661H85.5V691H42V780.5L1073.5 757.5L1069.5 594.5H1100V640.5H1550.5V199.5H1100V206.5H1073.5L1069.5 83ZM573 107V201H715.5V120L573 107ZM786 126.5V201H925.5V140L786 126.5ZM976.5 201H1016.5V148L976.5 144.5V201ZM571 615V714L715.5 711V615H571ZM916 615H783.5V709L916 706V615ZM1178 283.5V544H1470V283.5H1178Z,evenodd
rooms_blueprint,N2,M448 37H499V54H508.5V40L529 42V63.5L573 66.5L574 44.5L588.606 45.9537L587.019 66H584V68H586.861L586 78.8752L587.994 79.0331L588.867 68H593V66H589.026L590.597 46.1519L608.107 47.8945L607 61.8752L608.994 62.0331L610.097 48.0927L626.751 49.7501L625.161 69.8435L601.113 68.0198L600.962 70.014L625.003 71.8373L625 71.8752L626.994 72.0331L628.742 49.9482L644.718 51.5383L642 85.8752L643.994 86.0331L646.709 51.7365L662.627 53.3207L661.119 72.3767L656.151 72L656 73.9943L665.123 74.6862L665.274 72.6919L663.113 72.528L664.618 53.5188L679.5 55L676 106.5L642.242 103.637L643.15 92.1578L641.157 92L640.249 103.468L586.301 98.8916L587.15 88.1578L585.157 88L584.308 98.7225L564 97V136H552V138H564V159H552V161H564V182H552V184H564V208.5H589V224H591V208.5H607V224H609V208.5H625V224H627V208.5H643V224H645V208.5H677V224H679V208.5H711V223.5H731V219.5H724V118H740V112.5L724 111V89.5H717V102H707.5L711 67.5H719V81H724V58L776 63.5V84.5L788.051 85.4641L788 85.9908L815.107 88.6009L815.299 86.6101L788.604 84.0397L790 64.5L807.632 66.1029L806.684 75.9539L808.674 76.1456L809.624 66.284L826.467 67.8152L824.445 88.82L825.011 88.8746L825 88.9908L830.818 89.551L831.01 87.5602L826.616 87.1372L828.459 67.9963L844.911 69.4919L844 78.9539L845.991 79.1456L846.903 69.673L864.138 71.2398L862.284 90.4903L857.192 90L857.19 90.0222L856.958 90L856 99.9539L857.991 100.146L858.76 92.1602L868.136 93.0631L868.328 91.0723L864.275 90.682L866.129 71.4209L883.171 72.9701L882.081 92.4942L877.141 92.1942L877.02 94.1905L885.407 94.6999L885 101.984L886.997 102.096L887.403 94.8212L899.977 95.5848L900.099 93.5885L887.515 92.8242L887.555 92.1116L885.558 92L885.518 92.703L884.077 92.6155L885.164 73.1513L899.598 74.4634L898.684 83.9539L900.674 84.1456L901.589 74.6445L915.554 75.914L913.77 94.4409L909.192 94L909 95.9908L920.136 97.0631L920.328 95.0723L915.761 94.6326L917.546 76.0951L971.5 81V99H970.112V102H974V85.5L1010 89.5V105H1022V92.5H1060L1061.44 148H1031V150H1061.49L1063 208H1044V211.5H1050.5V228.5H1044V231.5H1048L1058 242.5V245H1068V235H1096.5V245H1108.5V223H1161V228.5H1255V217.5H1301V222.5H1308.5V210H1344V227.5H1500V209H1539V258.5H1521V368.5H1510V370.5H1526.5V374L1530.5 378H1541.5V444.5H1521V457.5H1509.5V461.5H1521V557.5H1498L1487 568.5V599H1471.5V587H1469.5V599H1452.5V587H1450.5V599H1419.5V587H1417.5V599H1361V590H1348V599H1305V590H1293V599H1269V587.5H1267V599H1175V586.5H1172.5V599H1150V568.5H1142V562H1140V568.5H1122.75V567.75H1122V562H1120V567.75H1113.25V569.75H1119.5V590H1101.5V547H1120V553.5H1122V547H1140V553.5H1142V547H1150V538.5H1122.5V465.5H1147.5V473H1149.5V465.5H1150V457.5H1161.5V574.5H1172.5V580H1175V568.5H1267V579.5H1269V568.5H1293V582H1305V562H1318.5V573H1320.5V562H1333.5V573H1335.5V562H1348V582H1361V568.5H1385.5V580H1387.5V568.5H1417.5V580H1419.5V568.5H1450.5V580H1452.5V568.5H1469.5V580H1471.5V568.5H1477L1488 557.5V461.5H1503V452H1500V457.5H1494V438.5H1500V434.5H1481.5V391H1500V387.5H1488V370.5H1498V378H1500V368.5H1488V269.5L1483 264.5H1344V271H1308.5V264.5V242.5H1301V248.5H1260.5V242.5H1255V264.5H1163V256.5H1161V259.5H1152V268.5H1160.5V375H1149.5V370H1114.5V351H1123.5V348H1114.5V325H1123.5V323H1114.5V287.5H1097V268.5H1123.5V259.5H1108.5V254.5H1096.5V264.5H1068V254.5H1058V258.5L1048 268.5H1031.5L1021.5 258.5V254.5H1016.5V258.5H986V252H979V263.5H933.5V248.5H914.5V233H911.5V248.5H881.5V233H876.5V223.5H881.5V209.5H911.5V223.5H914.5V209.5H944V206.5H933.5V129L913.448 127.323L915.483 106.192L913.492 106L911.455 127.156L885.444 124.981L886.483 114.192L884.492 114L883.451 124.815L857.381 122.635L858.483 111.192L856.492 111L855.388 122.468L790 117L792 94.5L776 93.5V115.5L757 113.5V118H776V219.5H769V223.5H788.5V233H776V263.5H724V233H711V247.5H679V240H677V247.5H645V240H643V247.5H627V240H625V247.5H609.5V233H607V237.5H591.5V233H588.5V247.5H568.5V222.5H553.5V206H534V184H545V182H534V161H545V159H534V138H545V136H534V113.5H553.5L555.5 75.5L526.5 73.5V94.5L504 93.5V79.5H499V88H448V37ZM1193.5 256.5V239.5H1191.5V256.5H1193.5ZM1130.5 259.5V268.5H1134.5V259.5H1130.5ZM1141 259.5V268.5H1145V259.5H1141ZM1179 240H1177V256H1179V240ZM945.119 88.818L947.103 89.009L944.773 112.427C944.6 111.949 944.454 111.457 944.337 110.954L943 110.825L945.119 88.818ZM970.112 113V109.5H974V131.5L1010 134.5V113L1022.5 114.5L1025.5 186.5H1054V189.5H1025.5V207H1035V210.5H1029.5V228.5H1035V230.5H1031.5L1020 242V245H1017V236H986V239.5H977.5V209H967V131.5L970.112 113ZM499 72L516 73.5V72L510 71V63.5H516V61.5L499 60V72ZM474 81H472V63H454V61H472V44H474V61H492V63H474V81ZM764 219H737V224H764V219ZM615.282 92.1235L616.15 81.1578L614.157 81L613.289 91.9657L615.282 92.1235ZM824.949 98.1917L823.991 108.146L822 107.954L822.958 98L824.949 98.1917ZM944 162V136.376L940 135.991L940.192 134L940.198 134.001L941.642 119L943.633 119.192L942.189 134.192L960.1 135.917L959.908 137.908L946 136.569V162H960V169H958V164H940V169H938V162H944ZM935 234H955V184H938V177H940V182H958V177H960V184H957V234H970V236H957V247H955V236H929V218H935V234ZM1125 240H1147V242H1125V240ZM1163 249V239H1161V249H1163ZM1123 307.5H1154V299.5H1152V305.5H1125V299.5H1123V307.5ZM1132 325.5H1154V323.5H1132V325.5ZM1115 273.5V280.5H1117V273.5H1115ZM1123 283.5H1154V291.5H1152V285.5H1125V291.5H1123V283.5ZM1521 382V388.5H1510V390.5H1521V434.5H1509.5V438.5H1530.5V386L1526.5 382H1521ZM1493 239H1500.5V258H1512.5V265.5H1500.5L1493 258V239ZM1147.5 479.5V498.5H1149.5V479.5H1147.5ZM1147.5 530.5V509.5H1149.5V530.5H1147.5ZM1126.5 485.5H1141V483.5H1126.5V485.5ZM1141 504H1126.5V502H1141V504ZM1126.5 522.5H1141V520.5H1126.5V522.5ZM1334.5 586.5H1319.5V584.5H1334.5V586.5ZM1498 493.5H1513.5V491.5H1498V493.5ZM1513.5 346.5H1498V344.5H1513.5V346.5ZM1498 325.5H1513.5V323.5H1498V325.5ZM1513.5 287.5H1498V285.5H1513.5V287.5ZM1498 306.5H1513.5V304.5H1498V306.5ZM1527.5 240.5H1512V238.5H1527.5V240.5ZM1498 513.5H1513.5V511.5H1498V513.5ZM1513.5 539.5H1498V537.5H1513.5V539.5ZM1344.5 237H1356.5V254H1344.5V237ZM1441.5 237H1429.5V254H1441.5V237ZM1234 588.5V578H1236V588.5H1234ZM1200 588.5V578H1202V588.5H1200Z,evenodd
rooms_blueprint,N2,M700.186 76.246L687.246 75L686 87.9402L698.94 89.1861L700.186 76.246Z,
rooms_blueprint,N2,M1147 435V397H1100V435H1147Z,
stairs,N2,M677.921 75.4042L677.148 85.8757L688.877 86.7415L687.184 109.679L705.542 111.034L706.205 102.059L696.516 101.343L697.546 87.3814L710.295 88.3225L711.068 77.851L698.319 76.9099L699.129 65.9397L712.898 66.9561L713.597 57.4819L691.159 55.8256L689.65 76.27L677.921 75.4042Z,
stairs,N2,M788.5 209V233.5H802.5V248.5H877.5V209H802.5V223.5H797V209H788.5Z,
stairs,N2,M1100.5 393V375H1160.5V398.5H1168V434.5H1160.5V458H1100.5V440H1111.5V450H1143V440H1149.5V422.5H1146.5V410.5H1149.5V393H1143V383H1111.5V393H1100.5Z,
stairs,N2,M1254.5 243V270.5H1309V241.5H1300.5V248.5H1262.5V243H1254.5Z,