"source","target","n_total","total_duration_sec","mean","median","date"
"1","1",79005,17656127,223,141,"All"
"1","16",1828,373855,205,138,"All"
"1","20",20021,3634360,182,116,"All"
"1","21",1969,356172,181,123,"All"
"1","22",1271,252893,199,147,"All"
"1","24",636,131929,207,149,"All"
"1","26",235,52251,222,185,"All"
"1","28",1034,217247,210,152,"All"
"1","29",9502,1816888,191,122,"All"
"1","30",5281,1152726,218,153,"All"
"1","31",5587,1184974,212,145,"All"
"1","32",4058,903080,223,162,"All"
"1","33",504,104650,208,168,"All"
"1","34",288,71431,248,190,"All"
"1","35",1624,373416,230,184,"All"
"1","36",4713,1042771,221,188,"All"
"1","37",3162,696608,220,182,"All"
"1","38",4311,906402,210,163,"All"
"1","39",695,163556,235,173,"All"
"1","40",55,11346,206,210,"All"
"1","42",1766,361846,205,162,"All"
"1","43",225,52834,235,203,"All"
"1","44",216,56980,264,233,"All"
"1","45",392,94111,240,200,"All"
"1","46",694,164707,237,214,"All"
"1","47",2895,622140,215,177,"All"
"1","48",2268,563910,249,192,"All"
"1","49",3977,1000482,252,194,"All"
"1","50",8127,2006312,247,201,"All"
"1","51",6775,1486128,219,181,"All"
"1","53",290,53249,184,146,"All"
"1","55",276,45564,165,120,"All"
"1","56",838,142174,170,114,"All"
"1","57",914,236149,258,226,"All"
"1","58",1151,256113,223,178,"All"
"1","59",509,121921,240,190,"All"
"1","72",737,184024,250,164,"All"
"1","80",1244,255895,206,161,"All"
"1","81",1257,284219,226,186,"All"
"1","88",6168,1483316,240,179,"All"
"1","9",33010,6886256,209,136,"All"
"1","96",2320,507524,219,159,"All"
"1","NA",127766,35539042,278,215,"All"
"16","1",1814,517213,285,201,"All"
"16","16",3443,1485501,431,189,"All"
"16","20",650,193264,297,201,"All"
"16","21",77,21862,284,219,"All"
"16","22",69,20007,290,227,"All"
"16","24",25,7140,286,241,"All"
"16","26",8,2256,282,228,"All"
"16","28",63,19504,310,257,"All"
"16","29",489,113520,232,166,"All"
"16","30",10568,2277080,215,124,"All"
"16","31",3245,888556,274,195,"All"
"16","32",1942,661948,341,288,"All"
"16","33",64,27836,435,335,"All"
"16","34",41,15268,372,326,"All"
"16","35",85,29789,350,307,"All"
"16","36",162,38649,239,206,"All"
"16","37",104,31090,299,259,"All"
"16","38",146,33313,228,202,"All"
"16","39",44,20358,463,246,"All"
"16","40",187,59290,317,317,"All"
"16","42",2786,597340,214,151,"All"
"16","43",137,45616,333,318,"All"
"16","44",32,10736,336,310,"All"
"16","45",55,17153,312,297,"All"
"16","46",23,6602,287,293,"All"
"16","47",80,23203,290,279,"All"
"16","48",50,19505,390,318,"All"
"16","49",50,15945,319,288,"All"
"16","50",182,51027,280,219,"All"
"16","51",294,73475,250,208,"All"
"16","53",109,38986,358,303,"All"
"16","55",65,20995,323,328,"All"
"16","56",38,10584,279,265,"All"
"16","57",38,17779,468,346,"All"
"16","58",12,3560,297,272,"All"
"16","59",4,1192,298,290,"All"
"16","72",209,67914,325,331,"All"
"16","80",64,17655,276,154,"All"
"16","81",42,12919,308,139,"All"
"16","88",252,91112,362,288,"All"
"16","9",1191,405075,340,207,"All"
"16","96",13829,3728196,270,166,"All"
"16","NA",3353,1168274,348,280,"All"
"20","1",18576,2886838,155,94,"All"
"20","16",557,99855,179,110,"All"
"20","20",10666,2580900,242,161,"All"
"20","21",36347,5233675,144,100,"All"
"20","22",12553,2143983,171,118,"All"
"20","24",2835,756497,267,254,"All"
"20","26",1911,473373,248,234,"All"
"20","28",589,132608,225,201,"All"
"20","29",2235,426677,191,139,"All"
"20","30",1352,243106,180,114,"All"
"20","31",1483,249565,168,106,"All"
"20","32",2587,671907,260,268,"All"
"20","33",8706,1831241,210,178,"All"
"20","34",661,222823,337,327,"All"
"20","35",4001,1051723,263,276,"All"
"20","36",18709,6183096,330,328,"All"
"20","37",2224,701866,316,324,"All"
"20","38",936,225468,241,237,"All"
"20","39",371,104877,283,306,"All"
"20","40",51,15185,298,290,"All"
"20","42",747,173834,233,229,"All"
"20","43",317,100960,318,314,"All"
"20","44",441,148826,337,322,"All"
"20","45",726,233363,321,322,"All"
"20","46",344,109638,319,336,"All"
"20","47",8363,2469389,295,294,"All"
"20","48",6049,1303188,215,182,"All"
"20","49",2618,615171,235,213,"All"
"20","50",2022,493458,244,264,"All"
"20","51",2888,837242,290,309,"All"
"20","53",73,18558,254,284,"All"
"20","55",101,29218,289,281,"All"
"20","56",1327,407395,307,302,"All"
"20","57",786,248280,316,323,"All"
"20","58",1819,436551,240,215,"All"
"20","59",258,70137,272,268,"All"
"20","72",187,31388,168,99,"All"
"20","80",531,114647,216,190,"All"
"20","81",324,71672,221,190,"All"
"20","88",1838,277903,151,91,"All"
"20","9",9027,1323494,147,89,"All"
"20","96",746,150355,202,138,"All"
"20","NA",31828,6277718,197,127,"All"
"21","1",1914,240119,125,81,"All"
"21","16",49,7839,160,88,"All"
"21","20",19605,1785859,91,58,"All"
"21","21",1034,186189,180,71,"All"
"21","22",40648,3957694,97,70,"All"
"21","24",5409,656950,121,92,"All"
"21","26",1175,175651,149,106,"All"
"21","28",61,8796,144,66,"All"
"21","29",128,18113,142,80,"All"
"21","30",120,18947,158,111,"All"
"21","31",126,17328,138,88,"All"
"21","32",187,30748,164,93,"All"
"21","33",184,28086,153,121,"All"
"21","34",134,22299,166,77,"All"
"21","35",3494,437400,125,86,"All"
"21","36",1907,270421,142,96,"All"
"21","37",246,34430,140,91,"All"
"21","38",102,14259,140,103,"All"
"21","39",40,5325,133,86,"All"
"21","40",4,2786,696,348,"All"
"21","42",77,12786,166,102,"All"
"21","43",22,5091,231,324,"All"
"21","44",23,3457,150,92,"All"
"21","45",94,14904,159,108,"All"
"21","46",44,5555,126,57,"All"
"21","47",455,80509,177,117,"All"
"21","48",153,22998,150,103,"All"
"21","49",98,16615,170,128,"All"
"21","50",256,34996,137,90,"All"
"21","51",312,43286,139,91,"All"
"21","53",9,1201,133,82,"All"
"21","55",3,183,61,62,"All"
"21","56",57,12388,217,224,"All"
"21","57",41,8332,203,139,"All"
"21","58",52,8584,165,106,"All"
"21","59",8,1557,195,136,"All"
"21","72",16,1590,99,72,"All"
"21","80",40,9816,245,148,"All"
"21","81",21,2554,122,68,"All"
"21","88",174,25644,147,87,"All"
"21","9",768,101362,132,84,"All"
"21","96",74,11511,156,112,"All"
"21","NA",4125,707950,172,105,"All"
"22","1",2558,418127,163,104,"All"
"22","16",56,8707,155,122,"All"
"22","20",11105,1375821,124,85,"All"
"22","21",16604,1790397,108,70,"All"
"22","22",8470,982096,116,74,"All"
"22","24",26143,2856104,109,86,"All"
"22","26",5855,709567,121,94,"All"
"22","28",103,19512,189,112,"All"
"22","29",289,48425,168,106,"All"
"22","30",157,24917,159,100,"All"
"22","31",146,22909,157,106,"All"
"22","32",261,44173,169,110,"All"
"22","33",174,30904,178,112,"All"
"22","34",432,70248,163,101,"All"
"22","35",15729,1770402,113,80,"All"
"22","36",10381,1655589,159,116,"All"
"22","37",919,169773,185,128,"All"
"22","38",230,38590,168,109,"All"
"22","39",84,16884,201,162,"All"
"22","40",7,983,140,89,"All"
"22","42",101,17220,170,129,"All"
"22","43",33,4546,138,83,"All"
"22","44",27,4933,183,118,"All"
"22","45",249,42528,171,120,"All"
"22","46",135,22326,165,99,"All"
"22","47",1665,320196,192,131,"All"
"22","48",389,70611,182,127,"All"
"22","49",277,62138,224,185,"All"
"22","50",744,137134,184,130,"All"
"22","51",953,172590,181,116,"All"
"22","53",13,2518,194,124,"All"
"22","55",3,399,133,17,"All"
"22","56",81,15891,196,101,"All"
"22","57",95,12495,132,72,"All"
"22","58",68,12917,190,134,"All"
"22","59",20,4609,230,250,"All"
"22","72",22,3364,153,112,"All"
"22","80",112,24062,215,181,"All"
"22","81",65,11607,179,92,"All"
"22","88",197,33677,171,101,"All"
"22","9",921,165975,180,120,"All"
"22","96",115,22487,196,149,"All"
"22","NA",6437,1173668,182,122,"All"
"24","1",1055,265744,252,227,"All"
"24","16",40,13702,343,346,"All"
"24","20",2060,566598,275,194,"All"
"24","21",1374,309452,225,142,"All"
"24","22",11311,2291608,203,134,"All"
"24","24",3323,878423,264,112,"All"
"24","26",7900,1807615,229,167,"All"
"24","28",118,33676,285,217,"All"
"24","29",183,50257,275,265,"All"
"24","30",82,24542,299,298,"All"
"24","31",84,23199,276,250,"All"
"24","32",205,58619,286,241,"All"
"24","33",174,48169,277,240,"All"
"24","34",501,145410,290,287,"All"
"24","35",13437,2980758,222,169,"All"
"24","36",8582,1922441,224,169,"All"
"24","37",747,182220,244,207,"All"
"24","38",184,52627,286,244,"All"
"24","39",70,16933,242,177,"All"
"24","40",6,1922,320,332,"All"
"24","42",66,18101,274,262,"All"
"24","43",39,15151,388,357,"All"
"24","44",74,28089,380,300,"All"
"24","45",308,90369,293,294,"All"
"24","46",125,34549,276,241,"All"
"24","47",1136,305216,269,212,"All"
"24","48",245,60792,248,203,"All"
"24","49",205,54382,265,186,"All"
"24","50",313,75189,240,189,"All"
"24","51",870,211798,243,204,"All"
"24","53",9,2217,246,293,"All"
"24","55",12,3712,309,376,"All"
"24","56",74,18541,251,249,"All"
"24","57",121,37154,307,252,"All"
"24","58",73,16928,232,191,"All"
"24","59",14,6666,476,252,"All"
"24","72",11,3205,291,298,"All"
"24","80",121,35158,291,215,"All"
"24","81",33,6852,208,183,"All"
"24","88",102,32374,317,300,"All"
"24","9",446,123422,277,259,"All"
"24","96",77,20232,263,248,"All"
"24","NA",3274,898643,274,258,"All"
"26","1",1129,299601,265,281,"All"
"26","16",55,17670,321,328,"All"
"26","20",7984,1965837,246,223,"All"
"26","21",372,89864,242,231,"All"
"26","22",1601,266908,167,139,"All"
"26","24",1733,301522,174,150,"All"
"26","26",1834,246472,134,60,"All"
"26","28",79,20665,262,281,"All"
"26","29",146,42642,292,318,"All"
"26","30",114,33582,295,304,"All"
"26","31",91,24500,269,301,"All"
"26","32",179,53436,299,313,"All"
"26","33",211,63648,302,327,"All"
"26","34",107,23539,220,229,"All"
"26","35",2789,542619,195,163,"All"
"26","36",2636,584086,222,199,"All"
"26","37",293,69857,238,241,"All"
"26","38",78,22635,290,316,"All"
"26","39",36,12422,345,345,"All"
"26","40",3,1190,397,377,"All"
"26","42",60,20757,346,340,"All"
"26","43",18,6255,348,350,"All"
"26","44",30,10006,334,334,"All"
"26","45",91,25452,280,307,"All"
"26","46",48,11861,247,276,"All"
"26","47",641,191912,299,324,"All"
"26","48",245,74481,304,318,"All"
"26","49",189,56337,298,326,"All"
"26","50",213,58484,275,309,"All"
"26","51",309,76306,247,272,"All"
"26","53",6,1230,205,218,"All"
"26","55",11,3069,279,326,"All"
"26","56",34,8915,262,340,"All"
"26","57",44,13518,307,327,"All"
"26","58",83,27388,330,343,"All"
"26","59",26,6877,264,265,"All"
"26","72",11,2899,264,240,"All"
"26","80",92,26451,288,314,"All"
"26","81",41,12585,307,332,"All"
"26","88",113,29344,260,257,"All"
"26","9",593,168309,284,294,"All"
"26","96",92,30556,332,340,"All"
"26","NA",2431,679620,280,299,"All"
"28","1",1960,570165,291,232,"All"
"28","16",57,14730,258,174,"All"
"28","20",526,158592,302,240,"All"
"28","21",90,23471,261,254,"All"
"28","22",162,54104,334,289,"All"
"28","24",116,34026,293,276,"All"
"28","26",50,16749,335,309,"All"
"28","28",3949,1131519,287,147,"All"
"28","29",3189,792264,248,150,"All"
"28","30",149,48091,323,269,"All"
"28","31",143,41557,291,240,"All"
"28","32",200,65899,329,269,"All"
"28","33",40,12498,312,336,"All"
"28","34",32,11456,358,346,"All"
"28","35",244,73948,303,284,"All"
"28","36",1008,317624,315,282,"All"
"28","37",1335,428018,321,276,"All"
"28","38",1120,322462,288,234,"All"
"28","39",94,31112,331,280,"All"
"28","40",1,226,226,226,"All"
"28","42",60,20883,348,284,"All"
"28","43",15,5945,396,334,"All"
"28","44",13,3179,245,166,"All"
"28","45",61,17733,291,280,"All"
"28","46",56,16263,290,184,"All"
"28","47",313,112255,359,308,"All"
"28","48",81,26024,321,298,"All"
"28","49",75,22793,304,266,"All"
"28","50",481,158762,330,287,"All"
"28","51",746,239328,321,296,"All"
"28","53",8,4421,553,356,"All"
"28","55",4,780,195,201,"All"
"28","56",23,6130,267,283,"All"
"28","57",60,20581,343,312,"All"
"28","58",37,10469,283,195,"All"
"28","59",7,2058,294,297,"All"
"28","72",20,6302,315,214,"All"
"28","80",21290,5342757,251,168,"All"
"28","81",278,90220,325,295,"All"
"28","88",188,53959,287,228,"All"
"28","9",818,251691,308,262,"All"
"28","96",77,23519,305,282,"All"
"28","NA",4583,1447472,316,267,"All"
"29","1",9449,1781893,189,120,"All"
"29","16",188,45596,243,158,"All"
"29","20",1968,539682,274,257,"All"
"29","21",249,63542,255,280,"All"
"29","22",511,153804,301,300,"All"
"29","24",320,93619,293,298,"All"
"29","26",123,39544,321,312,"All"
"29","28",1636,315209,193,109,"All"
"29","29",3688,1251424,339,208,"All"
"29","30",467,99600,213,154,"All"
"29","31",469,95372,203,159,"All"
"29","32",516,113567,220,212,"All"
"29","33",88,24341,277,302,"All"
"29","34",101,31350,310,304,"All"
"29","35",823,247489,301,302,"All"
"29","36",4148,1228725,296,301,"All"
"29","37",4308,1254485,291,296,"All"
"29","38",19300,3493872,181,124,"All"
"29","39",449,153652,342,311,"All"
"29","40",8,2393,299,318,"All"
"29","42",208,51166,246,275,"All"
"29","43",49,13900,284,309,"All"
"29","44",55,20146,366,314,"All"
"29","45",237,72125,304,298,"All"
"29","46",477,146394,307,310,"All"
"29","47",1860,572185,308,306,"All"
"29","48",264,78093,296,305,"All"
"29","49",218,54512,250,273,"All"
"29","50",5487,1517886,277,276,"All"
"29","51",7005,2161156,309,307,"All"
"29","53",26,5968,230,260,"All"
"29","55",19,4779,252,292,"All"
"29","56",69,19895,288,297,"All"
"29","57",234,69824,298,294,"All"
"29","58",104,28631,275,294,"All"
"29","59",24,11183,466,322,"All"
"29","72",73,12652,173,125,"All"
"29","80",2387,567750,238,141,"All"
"29","81",725,220666,304,293,"All"
"29","88",971,177554,183,117,"All"
"29","9",3029,655250,216,155,"All"
"29","96",231,59176,256,251,"All"
"29","NA",14545,3468322,238,235,"All"
"30","1",5044,1275530,253,182,"All"
"30","16",10856,3029460,279,204,"All"
"30","20",1140,357615,314,278,"All"
"30","21",151,50594,335,290,"All"
"30","22",130,48101,370,336,"All"
"30","24",51,19140,375,346,"All"
"30","26",31,7867,254,256,"All"
"30","28",117,47202,403,278,"All"
"30","29",691,196652,285,226,"All"
"30","30",8634,4228418,490,325,"All"
"30","31",5218,1370289,263,192,"All"
"30","32",7436,1988942,267,215,"All"
"30","33",167,68380,409,347,"All"
"30","34",136,54188,398,343,"All"
"30","35",220,77530,352,330,"All"
"30","36",322,111357,346,306,"All"
"30","37",180,54936,305,274,"All"
"30","38",246,73985,301,272,"All"
"30","39",70,30790,440,330,"All"
"30","40",4978,1417115,285,231,"All"
"30","42",9186,2736078,298,246,"All"
"30","43",1005,407166,405,352,"All"
"30","44",174,68730,395,347,"All"
"30","45",208,84597,407,361,"All"
"30","46",77,35519,461,359,"All"
"30","47",259,95141,367,335,"All"
"30","48",222,80320,362,322,"All"
"30","49",200,65440,327,281,"All"
"30","50",435,158836,365,291,"All"
"30","51",582,185760,319,292,"All"
"30","53",1261,428004,339,309,"All"
"30","55",321,120230,375,323,"All"
"30","56",205,73726,360,335,"All"
"30","57",179,68897,385,342,"All"
"30","58",130,49976,384,326,"All"
"30","59",29,9499,328,296,"All"
"30","72",2297,774769,337,298,"All"
"30","80",111,35889,323,303,"All"
"30","81",90,39303,437,344,"All"
"30","88",1087,381313,351,315,"All"
"30","9",2318,657007,283,221,"All"
"30","96",55670,14018955,252,178,"All"
"30","NA",11499,4270777,371,315,"All"
"31","1",7031,996453,142,100,"All"
"31","16",3741,574401,154,117,"All"
"31","20",2279,395960,174,129,"All"
"31","21",211,43013,204,157,"All"
"31","22",159,37414,235,233,"All"
"31","24",76,17889,235,258,"All"
"31","26",23,4927,214,195,"All"
"31","28",147,28074,191,145,"All"
"31","29",1401,200416,143,103,"All"
"31","30",4479,755687,169,131,"All"
"31","31",2366,413082,175,106,"All"
"31","32",25695,3822449,149,103,"All"
"31","33",784,202863,259,254,"All"
"31","34",307,99049,323,327,"All"
"31","35",319,80678,253,262,"All"
"31","36",571,113175,198,162,"All"
"31","37",324,58701,181,139,"All"
"31","38",366,61764,169,120,"All"
"31","39",91,19302,212,175,"All"
"31","40",269,63752,237,244,"All"
"31","42",15863,1845026,116,84,"All"
"31","43",498,120368,242,246,"All"
"31","44",137,38279,279,290,"All"
"31","45",216,63552,294,312,"All"
"31","46",73,15286,209,188,"All"
"31","47",336,82241,245,258,"All"
"31","48",237,56889,240,258,"All"
"31","49",191,40564,212,144,"All"
"31","50",659,111024,168,115,"All"
"31","51",898,162788,181,138,"All"
"31","53",653,146307,224,224,"All"
"31","55",398,91006,229,229,"All"
"31","56",192,47212,246,254,"All"
"31","57",117,30348,259,276,"All"
"31","58",89,16849,189,163,"All"
"31","59",22,3784,172,164,"All"
"31","72",123,23482,191,145,"All"
"31","80",155,27755,179,134,"All"
"31","81",112,17397,155,122,"All"
"31","88",695,116535,168,106,"All"
"31","9",4707,677466,144,103,"All"
"31","96",3089,639074,207,180,"All"
"31","NA",12492,2373913,190,143,"All"
"32","1",4378,2176705,497,367,"All"
"32","16",2340,1087714,465,347,"All"
"32","20",2401,1266655,528,404,"All"
"32","21",367,200310,546,403,"All"
"32","22",338,198713,588,460,"All"
"32","24",140,82160,587,456,"All"
"32","26",61,27249,447,368,"All"
"32","28",130,61219,471,342,"All"
"32","29",709,288735,407,303,"All"
"32","30",7222,3184939,441,321,"All"
"32","31",23848,9874584,414,269,"All"
"32","32",19896,11750189,591,414,"All"
"32","33",6829,4595117,673,527,"All"
"32","34",2424,1570523,648,526,"All"
"32","35",822,465345,566,444,"All"
"32","36",697,369892,531,409,"All"
"32","37",251,130656,521,358,"All"
"32","38",259,103859,401,347,"All"
"32","39",106,77415,730,402,"All"
"32","40",2975,1063563,358,232,"All"
"32","42",20734,9167076,442,322,"All"
"32","43",4952,1589999,321,226,"All"
"32","44",884,505018,571,467,"All"
"32","45",1091,623343,571,450,"All"
"32","46",150,74864,499,430,"All"
"32","47",712,366559,515,390,"All"
"32","48",661,324975,492,402,"All"
"32","49",334,162478,486,378,"All"
"32","50",535,266005,497,369,"All"
"32","51",810,425329,525,394,"All"
"32","53",660,312104,473,353,"All"
"32","55",403,208461,517,391,"All"
"32","56",517,277571,537,383,"All"
"32","57",275,153930,560,404,"All"
"32","58",143,76088,532,401,"All"
"32","59",33,17201,521,372,"All"
"32","72",167,86585,518,383,"All"
"32","80",119,60969,512,377,"All"
"32","81",91,47125,518,403,"All"
"32","88",500,245715,491,374,"All"
"32","9",2999,1498700,500,361,"All"
"32","96",6614,3119000,472,354,"All"
"32","NA",11648,6257599,537,399,"All"
"33","1",1713,515849,301,244,"All"
"33","16",81,28825,356,334,"All"
"33","20",8710,1830792,210,125,"All"
"33","21",545,165315,303,268,"All"
"33","22",340,126119,371,300,"All"
"33","24",99,42291,427,368,"All"
"33","26",51,17610,345,318,"All"
"33","28",45,18960,421,334,"All"
"33","29",145,49847,344,306,"All"
"33","30",185,70804,383,330,"All"
"33","31",723,245023,339,290,"All"
"33","32",7935,3055338,385,321,"All"
"33","33",2043,1165186,570,394,"All"
"33","34",4091,2143525,524,419,"All"
"33","35",616,278139,452,384,"All"
"33","36",466,192882,414,352,"All"
"33","37",93,41494,446,371,"All"
"33","38",99,32711,330,323,"All"
"33","39",30,12534,418,358,"All"
"33","40",59,31269,530,423,"All"
"33","42",697,267033,383,331,"All"
"33","43",346,148186,428,376,"All"
"33","44",1093,498497,456,396,"All"
"33","45",961,436289,454,390,"All"
"33","46",71,33657,474,394,"All"
"33","47",613,233689,381,334,"All"
"33","48",1584,465538,294,238,"All"
"33","49",381,138007,362,321,"All"
"33","50",156,56952,365,322,"All"
"33","51",258,101845,395,348,"All"
"33","53",35,14874,425,379,"All"
"33","55",41,17941,438,398,"All"
"33","56",617,274652,445,366,"All"
"33","57",255,124289,487,381,"All"
"33","58",188,76183,405,344,"All"
"33","59",29,13164,454,330,"All"
"33","72",16,6916,432,393,"All"
"33","80",46,16915,368,357,"All"
"33","81",18,9050,503,412,"All"
"33","88",126,42779,340,290,"All"
"33","9",775,250904,324,270,"All"
"33","96",157,67429,429,340,"All"
"33","NA",3788,1355272,358,318,"All"
"34","1",1540,627521,407,358,"All"
"34","16",48,25772,537,382,"All"
"34","20",2227,922209,414,351,"All"
"34","21",526,208533,396,344,"All"
"34","22",1480,562841,380,344,"All"
"34","24",512,206987,404,354,"All"
"34","26",277,104740,378,342,"All"
"34","28",59,26113,443,356,"All"
"34","29",137,59711,436,368,"All"
"34","30",182,79302,436,370,"All"
"34","31",675,270202,400,357,"All"
"34","32",2962,1222118,413,373,"All"
"34","33",6938,2969799,428,371,"All"
"34","34",2884,1465050,508,340,"All"
"34","35",9915,4000648,403,361,"All"
"34","36",767,316861,413,359,"All"
"34","37",158,69240,438,363,"All"
"34","38",106,40989,387,350,"All"
"34","39",48,19329,403,361,"All"
"34","40",36,13265,368,347,"All"
"34","42",423,182547,432,364,"All"
"34","43",354,140322,396,353,"All"
"34","44",2057,760842,370,321,"All"
"34","45",14205,3256742,229,162,"All"
"34","46",551,212110,385,345,"All"
"34","47",685,267636,391,356,"All"
"34","48",440,184436,419,356,"All"
"34","49",247,97909,396,355,"All"
"34","50",222,90124,406,356,"All"
"34","51",384,144028,375,344,"All"
"34","53",32,12096,378,348,"All"
"34","55",47,18638,397,341,"All"
"34","56",520,214640,413,361,"All"
"34","57",606,249096,411,361,"All"
"34","58",142,55545,391,360,"All"
"34","59",28,12453,445,341,"All"
"34","72",13,5430,418,423,"All"
"34","80",63,24236,385,350,"All"
"34","81",17,6346,373,350,"All"
"34","88",153,62338,407,361,"All"
"34","9",793,332503,419,358,"All"
"34","96",151,66945,443,358,"All"
"34","NA",4536,1845699,407,355,"All"
"35","1",4208,1250331,297,289,"All"
"35","16",109,32417,297,297,"All"
"35","20",4622,1302731,282,242,"All"
"35","21",2613,638969,245,175,"All"
"35","22",8618,1900013,220,152,"All"
"35","24",3691,1023779,277,216,"All"
"35","26",1790,464457,259,198,"All"
"35","28",263,80910,308,275,"All"
"35","29",542,167848,310,294,"All"
"35","30",340,106168,312,294,"All"
"35","31",547,172607,316,311,"All"
"35","32",1362,453032,333,321,"All"
"35","33",1701,628702,370,342,"All"
"35","34",22528,9961279,442,391,"All"
"35","35",47590,13335358,280,214,"All"
"35","36",7467,2198909,294,238,"All"
"35","37",974,298851,307,298,"All"
"35","38",439,132282,301,295,"All"
"35","39",242,79879,330,292,"All"
"35","40",44,13133,298,286,"All"
"35","42",555,175954,317,315,"All"
"35","43",405,125059,309,312,"All"
"35","44",1456,443029,304,312,"All"
"35","45",18650,6771481,363,338,"All"
"35","46",8732,1768227,202,139,"All"
"35","47",4091,1081421,264,236,"All"
"35","48",954,275907,289,279,"All"
"35","49",472,138092,293,271,"All"
"35","50",1072,325300,303,290,"All"
"35","51",1939,537454,277,279,"All"
"35","53",60,17079,285,254,"All"
"35","55",109,33215,305,297,"All"
"35","56",608,182353,300,306,"All"
"35","57",5119,1166985,228,184,"All"
"35","58",501,140708,281,251,"All"
"35","59",82,22925,280,296,"All"
"35","72",57,16954,297,293,"All"
"35","80",222,67617,305,276,"All"
"35","81",106,34567,326,290,"All"
"35","88",378,104422,276,254,"All"
"35","9",1906,584479,307,288,"All"
"35","96",308,93327,303,301,"All"
"35","NA",14433,4666878,323,304,"All"
"36","1",7337,2941502,401,352,"All"
"36","16",161,61872,384,349,"All"
"36","20",7492,2627945,351,309,"All"
"36","21",1255,422504,337,293,"All"
"36","22",6966,2058966,296,251,"All"
"36","24",4393,1431843,326,282,"All"
"36","26",1573,495777,315,272,"All"
"36","28",810,338697,418,368,"All"
"36","29",2017,849101,421,366,"All"
"36","30",423,168961,399,355,"All"
"36","31",442,184366,417,368,"All"
"36","32",648,248858,384,346,"All"
"36","33",442,179628,406,358,"All"
"36","34",723,255822,354,330,"All"
"36","35",13716,3986634,291,255,"All"
"36","36",10322,4377923,424,355,"All"
"36","37",13148,6199732,472,399,"All"
"36","38",1959,822139,420,370,"All"
"36","39",571,229252,401,345,"All"
"36","40",14,4331,309,320,"All"
"36","42",352,137727,391,358,"All"
"36","43",185,66266,358,338,"All"
"36","44",271,100962,373,345,"All"
"36","45",1898,673184,355,332,"All"
"36","46",10999,1976483,180,127,"All"
"36","47",23062,6094215,264,183,"All"
"36","48",2045,805958,394,346,"All"
"36","49",1268,484846,382,339,"All"
"36","50",3954,1746946,442,381,"All"
"36","51",7120,2950034,414,364,"All"
"36","53",34,11756,346,342,"All"
"36","55",48,16175,337,322,"All"
"36","56",342,125574,367,345,"All"
"36","57",4040,827786,205,144,"All"
"36","58",620,231776,374,324,"All"
"36","59",94,34334,365,313,"All"
"36","72",73,28879,396,358,"All"
"36","80",803,354599,442,380,"All"
"36","81",479,206418,431,382,"All"
"36","88",707,278382,394,352,"All"
"36","9",2786,1140410,409,349,"All"
"36","96",329,122898,374,347,"All"
"36","NA",16455,6536020,397,349,"All"
"37","1",5129,2029891,396,341,"All"
"37","16",105,43900,418,355,"All"
"37","20",1571,678092,432,352,"All"
"37","21",263,111300,423,362,"All"
"37","22",918,382256,416,354,"All"
"37","24",723,301905,418,364,"All"
"37","26",243,100636,414,357,"All"
"37","28",1044,426721,409,354,"All"
"37","29",2844,1168702,411,344,"All"
"37","30",278,128981,464,364,"All"
"37","31",295,114102,387,339,"All"
"37","32",310,132849,429,348,"All"
"37","33",101,47341,469,387,"All"
"37","34",127,57838,455,346,"All"
"37","35",1458,585188,401,356,"All"
"37","36",9103,3657327,402,348,"All"
"37","37",3417,1775698,520,355,"All"
"37","38",2484,1038495,418,356,"All"
"37","39",399,165047,414,336,"All"
"37","40",12,5162,430,330,"All"
"37","42",136,56523,416,350,"All"
"37","43",58,24730,426,357,"All"
"37","44",67,25560,381,344,"All"
"37","45",244,93484,383,340,"All"
"37","46",495,186449,377,332,"All"
"37","47",3124,1291645,413,346,"All"
"37","48",331,132929,402,351,"All"
"37","49",249,95551,384,352,"All"
"37","50",4550,1880323,413,350,"All"
"37","51",7756,3035689,391,338,"All"
"37","53",23,8538,371,332,"All"
"37","55",8,5813,727,414,"All"
"37","56",85,37154,437,368,"All"
"37","57",281,117398,418,350,"All"
"37","58",111,44251,399,344,"All"
"37","59",32,13879,434,353,"All"
"37","72",47,20394,434,335,"All"
"37","80",1127,529280,470,386,"All"
"37","81",543,230058,424,362,"All"
"37","88",543,217394,400,339,"All"
"37","9",1673,702057,420,349,"All"
"37","96",143,65357,457,354,"All"
"37","NA",8674,3441855,397,341,"All"
"38","1",4887,1055344,216,174,"All"
"38","16",110,29595,269,242,"All"
"38","20",1114,281854,253,250,"All"
"38","21",192,49456,258,270,"All"
"38","22",504,132315,263,281,"All"
"38","24",318,89674,282,290,"All"
"38","26",114,34976,307,289,"All"
"38","28",1578,352073,223,180,"All"
"38","29",17894,3072146,172,115,"All"
"38","30",277,73138,264,253,"All"
"38","31",234,55673,238,202,"All"
"38","32",314,75681,241,210,"All"
"38","33",67,19158,286,313,"All"
"38","34",88,24184,275,305,"All"
"38","35",716,191745,268,284,"All"
"38","36",3747,1068938,285,300,"All"
"38","37",2993,884309,295,299,"All"
"38","38",13676,2770550,203,143,"All"
"38","39",276,74280,269,288,"All"
"38","40",11,2472,225,262,"All"
"38","42",134,30951,231,233,"All"
"38","43",31,11124,359,345,"All"
"38","44",44,12228,278,278,"All"
"38","45",187,51845,277,294,"All"
"38","46",328,97335,297,314,"All"
"38","47",1298,364068,280,296,"All"
"38","48",163,37671,231,250,"All"
"38","49",159,41461,261,268,"All"
"38","50",3481,1000303,287,291,"All"
"38","51",4137,1144508,277,295,"All"
"38","53",15,3578,239,250,"All"
"38","55",11,3167,288,336,"All"
"38","56",39,9423,242,221,"All"
"38","57",189,51309,271,284,"All"
"38","58",86,22772,265,234,"All"
"38","59",16,4826,302,317,"All"
"38","72",51,10435,205,215,"All"
"38","80",4794,1198497,250,220,"All"
"38","81",695,195819,282,288,"All"
"38","88",407,95424,234,197,"All"
"38","9",1551,380248,245,210,"All"
"38","96",144,35104,244,249,"All"
"38","NA",9164,2246342,245,249,"All"
"39","1",1965,741116,377,317,"All"
"39","16",58,26163,451,388,"All"
"39","20",334,123094,369,327,"All"
"39","21",70,26835,383,358,"All"
"39","22",142,52234,368,347,"All"
"39","24",73,30357,416,369,"All"
"39","26",43,16251,378,341,"All"
"39","28",105,41717,397,364,"All"
"39","29",256,103336,404,332,"All"
"39","30",89,33277,374,320,"All"
"39","31",91,37655,414,350,"All"
"39","32",98,38728,395,353,"All"
"39","33",17,6076,357,358,"All"
"39","34",42,16259,387,343,"All"
"39","35",261,106740,409,357,"All"
"39","36",649,261290,403,358,"All"
"39","37",247,99576,403,357,"All"
"39","38",357,137918,386,347,"All"
"39","39",8179,3353738,410,323,"All"
"39","40",2,199,100,100,"All"
"39","42",65,20286,312,319,"All"
"39","43",9,2104,234,181,"All"
"39","44",27,10106,374,351,"All"
"39","45",118,44196,375,333,"All"
"39","46",158,62885,398,352,"All"
"39","47",457,188812,413,357,"All"
"39","48",99,42565,430,342,"All"
"39","49",98,38723,395,316,"All"
"39","50",1893,628871,332,295,"All"
"39","51",18034,5544927,307,250,"All"
"39","53",9,3942,438,319,"All"
"39","55",7,2333,333,350,"All"
"39","56",21,7444,354,331,"All"
"39","57",112,43792,391,366,"All"
"39","58",50,25506,510,356,"All"
"39","59",13,5457,420,411,"All"
"39","72",34,12653,372,352,"All"
"39","80",121,53994,446,342,"All"
"39","81",103,40174,390,359,"All"
"39","88",277,108129,390,315,"All"
"39","9",459,194234,423,351,"All"
"39","96",58,22836,394,304,"All"
"39","NA",8420,3093316,367,315,"All"
"40","1",218,72552,333,326,"All"
"40","16",108,36766,340,331,"All"
"40","20",83,28306,341,332,"All"
"40","21",12,5068,422,352,"All"
"40","22",12,5194,433,392,"All"
"40","24",14,6565,469,428,"All"
"40","26",2,545,272,272,"All"
"40","28",11,5669,515,372,"All"
"40","29",52,19780,380,364,"All"
"40","30",2093,527725,252,215,"All"
"40","31",492,162028,329,313,"All"
"40","32",4848,903759,186,131,"All"
"40","33",32,10139,317,314,"All"
"40","34",37,11559,312,304,"All"
"40","35",51,18010,353,342,"All"
"40","36",52,18495,356,344,"All"
"40","37",33,11812,358,340,"All"
"40","38",16,6618,414,350,"All"
"40","39",12,3674,306,343,"All"
"40","40",385,127202,330,275,"All"
"40","42",2166,568123,262,245,"All"
"40","43",3615,991262,274,246,"All"
"40","44",207,73213,354,340,"All"
"40","45",188,65356,348,336,"All"
"40","46",19,6870,362,403,"All"
"40","47",157,51233,326,333,"All"
"40","48",137,44477,325,324,"All"
"40","49",84,30009,357,360,"All"
"40","50",47,16569,353,349,"All"
"40","51",117,40451,346,341,"All"
"40","53",563,164503,292,289,"All"
"40","55",76,25521,336,335,"All"
"40","56",157,52183,332,327,"All"
"40","57",52,19582,377,380,"All"
"40","58",28,10588,378,352,"All"
"40","59",4,1226,306,304,"All"
"40","72",69,25631,371,352,"All"
"40","80",7,2212,316,354,"All"
"40","81",6,5096,849,454,"All"
"40","88",40,16665,417,341,"All"
"40","9",145,51138,353,326,"All"
"40","96",2056,569944,277,266,"All"
"40","NA",704,247321,351,334,"All"
"42","1",2609,639229,245,221,"All"
"42","16",2568,553271,215,174,"All"
"42","20",807,226838,281,286,"All"
"42","21",93,26968,290,303,"All"
"42","22",124,37561,303,320,"All"
"42","24",52,16853,324,300,"All"
"42","26",20,6834,342,344,"All"
"42","28",70,29898,427,328,"All"
"42","29",460,121406,264,262,"All"
"42","30",15217,3233392,212,162,"All"
"42","31",16430,2635891,160,104,"All"
"42","32",11673,2370100,203,149,"All"
"42","33",459,129582,282,275,"All"
"42","34",256,91688,358,342,"All"
"42","35",331,114611,346,342,"All"
"42","36",353,118659,336,325,"All"
"42","37",159,58160,366,328,"All"
"42","38",173,51276,296,303,"All"
"42","39",85,30230,356,346,"All"
"42","40",3119,809813,260,239,"All"
"42","42",7276,1804074,248,176,"All"
"42","43",5106,1433557,281,259,"All"
"42","44",681,241783,355,342,"All"
"42","45",798,283839,356,342,"All"
"42","46",133,44458,334,338,"All"
"42","47",1122,388794,347,334,"All"
"42","48",1044,349281,335,320,"All"
"42","49",481,163794,341,335,"All"
"42","50",367,112074,305,309,"All"
"42","51",787,253486,322,324,"All"
"42","53",3006,848480,282,300,"All"
"42","55",2479,695753,281,287,"All"
"42","56",1525,431913,283,281,"All"
"42","57",423,137471,325,329,"All"
"42","58",202,65071,322,314,"All"
"42","59",39,11535,296,311,"All"
"42","72",574,203430,354,346,"All"
"42","80",75,20586,274,284,"All"
"42","81",63,19851,315,330,"All"
"42","88",411,121264,295,314,"All"
"42","9",1393,368883,265,247,"All"
"42","96",8783,2545149,290,296,"All"
"42","NA",5767,1785550,310,307,"All"
"43","1",616,238946,388,324,"All"
"43","16",177,71757,405,333,"All"
"43","20",249,110788,445,336,"All"
"43","21",40,16825,421,339,"All"
"43","22",65,26445,407,347,"All"
"43","24",26,11185,430,344,"All"
"43","26",11,4834,439,339,"All"
"43","28",27,11160,413,369,"All"
"43","29",97,38820,400,336,"All"
"43","30",834,341009,409,344,"All"
"43","31",2580,784368,304,248,"All"
"43","32",2174,730840,336,293,"All"
"43","33",246,91670,373,326,"All"
"43","34",206,80359,390,344,"All"
"43","35",294,111948,381,347,"All"
"43","36",196,72790,371,334,"All"
"43","37",91,40854,449,369,"All"
"43","38",63,26298,417,367,"All"
"43","39",47,15316,326,315,"All"
"43","40",1541,541363,351,293,"All"
"43","42",8026,2327007,290,251,"All"
"43","43",1021,515112,505,308,"All"
"43","44",2031,681705,336,301,"All"
"43","45",1362,463426,340,315,"All"
"43","46",147,59232,403,348,"All"
"43","47",1233,381051,309,287,"All"
"43","48",1858,463104,249,201,"All"
"43","49",601,179465,299,254,"All"
"43","50",133,53037,399,352,"All"
"43","51",398,148195,372,333,"All"
"43","53",266,108652,408,350,"All"
"43","55",225,89423,397,359,"All"
"43","56",3263,656203,201,125,"All"
"43","57",210,86544,412,354,"All"
"43","58",145,46791,323,282,"All"
"43","59",25,9192,368,330,"All"
"43","72",57,27164,477,376,"All"
"43","80",23,8638,376,337,"All"
"43","81",12,5057,421,324,"All"
"43","88",77,32500,422,353,"All"
"43","9",312,125558,402,346,"All"
"43","96",907,397292,438,359,"All"
"43","NA",1833,765031,417,349,"All"
"44","1",550,207582,377,340,"All"
"44","16",53,21770,411,366,"All"
"44","20",467,202059,433,335,"All"
"44","21",62,26955,435,338,"All"
"44","22",81,32997,407,354,"All"
"44","24",28,10194,364,328,"All"
"44","26",14,6509,465,342,"All"
"44","28",23,8864,385,334,"All"
"44","29",55,22757,414,335,"All"
"44","30",252,96137,381,351,"All"
"44","31",459,178928,390,344,"All"
"44","32",493,184756,375,355,"All"
"44","33",634,231539,365,329,"All"
"44","34",948,323868,342,304,"All"
"44","35",680,246356,362,342,"All"
"44","36",190,69401,365,348,"All"
"44","37",76,29536,389,367,"All"
"44","38",39,15503,398,376,"All"
"44","39",31,10041,324,325,"All"
"44","40",132,48594,368,346,"All"
"44","42",1526,564417,370,350,"All"
"44","43",3220,1066337,331,313,"All"
"44","44",696,457071,657,336,"All"
"44","45",7373,1970348,267,227,"All"
"44","46",293,112169,383,343,"All"
"44","47",983,352992,359,339,"All"
"44","48",1775,599452,338,319,"All"
"44","49",710,263643,371,350,"All"
"44","50",95,35935,378,359,"All"
"44","51",253,91398,361,349,"All"
"44","53",59,23653,401,357,"All"
"44","55",149,50223,337,318,"All"
"44","56",3548,1093717,308,274,"All"
"44","57",839,304725,363,339,"All"
"44","58",309,105398,341,329,"All"
"44","59",49,18176,371,345,"All"
"44","72",22,7851,357,346,"All"
"44","80",16,5432,340,302,"All"
"44","81",9,3855,428,371,"All"
"44","88",62,21132,341,324,"All"
"44","9",211,80724,383,345,"All"
"44","96",248,102801,415,368,"All"
"44","NA",1551,607286,392,348,"All"
"45","1",1283,493606,385,362,"All"
"45","16",65,26682,410,375,"All"
"45","20",999,396768,397,366,"All"
"45","21",281,113105,403,390,"All"
"45","22",676,270427,400,370,"All"
"45","24",194,74698,385,354,"All"
"45","26",123,43936,357,341,"All"
"45","28",76,28788,379,359,"All"
"45","29",151,61363,406,387,"All"
"45","30",278,109694,395,364,"All"
"45","31",531,206906,390,361,"All"
"45","32",790,298296,378,348,"All"
"45","33",904,353853,391,356,"All"
"45","34",14025,2809738,200,142,"All"
"45","35",10409,4237138,407,375,"All"
"45","36",1071,422639,395,363,"All"
"45","37",243,100215,412,390,"All"
"45","38",174,70013,402,374,"All"
"45","39",120,49842,415,390,"All"
"45","40",105,43472,414,372,"All"
"45","42",1218,483748,397,368,"All"
"45","43",1620,618887,382,360,"All"
"45","44",9171,3040394,332,295,"All"
"45","45",1986,840840,423,314,"All"
"45","46",3348,1315240,393,370,"All"
"45","47",2237,893022,399,368,"All"
"45","48",1520,572374,377,351,"All"
"45","49",650,245382,378,359,"All"
"45","50",408,165837,406,380,"All"
"45","51",915,340935,373,357,"All"
"45","53",119,47131,396,385,"All"
"45","55",295,118161,401,373,"All"
"45","56",2329,900600,387,364,"All"
"45","57",3269,1290200,395,369,"All"
"45","58",588,228243,388,361,"All"
"45","59",117,44037,376,369,"All"
"45","72",24,10573,441,388,"All"
"45","80",66,26935,408,364,"All"
"45","81",32,12524,391,377,"All"
"45","88",111,41340,372,342,"All"
"45","9",576,235362,409,372,"All"
"45","96",334,135230,405,366,"All"
"45","NA",4366,1752978,402,367,"All"
"46","1",914,327913,359,328,"All"
"46","16",26,10681,411,316,"All"
"46","20",354,137805,389,344,"All"
"46","21",95,36982,389,356,"All"
"46","22",222,76848,346,328,"All"
"46","24",76,29956,394,340,"All"
"46","26",43,16169,376,349,"All"
"46","28",81,29944,370,319,"All"
"46","29",222,74035,333,318,"All"
"46","30",82,31357,382,344,"All"
"46","31",96,36856,384,349,"All"
"46","32",110,40923,372,339,"All"
"46","33",103,42981,417,354,"All"
"46","34",690,265382,385,345,"All"
"46","35",14694,2793602,190,126,"All"
"46","36",4205,804272,191,128,"All"
"46","37",336,107443,320,316,"All"
"46","38",251,86300,344,333,"All"
"46","39",125,41657,333,313,"All"
"46","40",18,5635,313,326,"All"
"46","42",120,48783,407,344,"All"
"46","43",98,35369,361,332,"All"
"46","44",233,92603,397,356,"All"
"46","45",3072,1173139,382,347,"All"
"46","46",1102,324305,294,228,"All"
"46","47",5476,1072133,196,136,"All"
"46","48",204,74352,364,312,"All"
"46","49",153,52799,345,317,"All"
"46","50",407,150430,370,342,"All"
"46","51",1110,366398,330,320,"All"
"46","53",12,4873,406,325,"All"
"46","55",23,9356,407,352,"All"
"46","56",117,42056,359,336,"All"
"46","57",5164,1028393,199,118,"All"
"46","58",104,36265,349,320,"All"
"46","59",30,11716,391,397,"All"
"46","72",12,5102,425,358,"All"
"46","80",65,23503,362,335,"All"
"46","81",40,13312,333,308,"All"
"46","88",96,31927,333,322,"All"
"46","9",367,137943,376,333,"All"
"46","96",63,20268,322,321,"All"
"46","NA",2709,991785,366,331,"All"
"47","1",7785,2763075,355,328,"All"
"47","16",154,54860,356,314,"All"
"47","20",5358,1423745,266,230,"All"
"47","21",421,147958,351,328,"All"
"47","22",862,318301,369,338,"All"
"47","24",463,178794,386,346,"All"
"47","26",165,66558,403,358,"All"
"47","28",489,200064,409,352,"All"
"47","29",2023,764722,378,344,"All"
"47","30",477,186188,390,347,"All"
"47","31",407,159424,392,335,"All"
"47","32",565,220452,390,354,"All"
"47","33",346,130078,376,337,"All"
"47","34",270,105286,390,354,"All"
"47","35",2500,861677,345,316,"All"
"47","36",19242,4631952,241,185,"All"
"47","37",6463,2385691,369,339,"All"
"47","38",1967,735336,374,342,"All"
"47","39",886,327826,370,342,"All"
"47","40",37,17796,481,351,"All"
"47","42",477,186919,392,345,"All"
"47","43",350,126657,362,334,"All"
"47","44",365,160879,441,366,"All"
"47","45",916,375245,410,355,"All"
"47","46",2417,716435,296,250,"All"
"47","47",5761,2233460,388,299,"All"
"47","48",11760,3179592,270,192,"All"
"47","49",8214,2075777,253,179,"All"
"47","50",4960,1917380,387,353,"All"
"47","51",10746,4065960,378,351,"All"
"47","53",62,25112,405,363,"All"
"47","55",83,30226,364,325,"All"
"47","56",984,332363,338,299,"All"
"47","57",4493,1299913,289,259,"All"
"47","58",5688,1206032,212,143,"All"
"47","59",530,150741,284,232,"All"
"47","72",71,22698,320,327,"All"
"47","80",523,226593,433,352,"All"
"47","81",442,178812,405,355,"All"
"47","88",679,245661,362,338,"All"
"47","9",2712,1002098,370,339,"All"
"47","96",317,129845,410,341,"All"
"47","NA",15601,5895361,378,343,"All"
"48","1",2895,639328,221,195,"All"
"48","16",83,26856,324,301,"All"
"48","20",4441,849277,191,146,"All"
"48","21",426,113367,266,253,"All"
"48","22",342,102880,301,296,"All"
"48","24",125,41450,332,315,"All"
"48","26",65,18731,288,297,"All"
"48","28",63,20075,319,308,"All"
"48","29",198,59847,302,300,"All"
"48","30",311,101644,327,321,"All"
"48","31",485,151046,311,313,"All"
"48","32",655,223198,341,326,"All"
"48","33",1263,294000,233,202,"All"
"48","34",339,117565,347,332,"All"
"48","35",650,192693,296,300,"All"
"48","36",1151,335924,292,296,"All"
"48","37",348,107628,309,310,"All"
"48","38",168,50245,299,312,"All"
"48","39",83,25343,305,315,"All"
"48","40",99,31662,320,328,"All"
"48","42",1237,407773,330,321,"All"
"48","43",1924,514413,267,256,"All"
"48","44",1913,650271,340,326,"All"
"48","45",1248,418611,335,331,"All"
"48","46",284,82668,291,305,"All"
"48","47",15649,2208738,141,95,"All"
"48","48",1043,291195,279,174,"All"
"48","49",8328,979964,118,75,"All"
"48","50",428,125758,294,303,"All"
"48","51",918,281271,306,310,"All"
"48","53",64,20495,320,328,"All"
"48","55",66,22261,337,324,"All"
"48","56",7033,1363798,194,153,"All"
"48","57",866,162452,188,122,"All"
"48","58",3245,431386,133,84,"All"
"48","59",501,84917,169,98,"All"
"48","72",31,10822,349,345,"All"
"48","80",60,20320,339,312,"All"
"48","81",35,15614,446,317,"All"
"48","88",144,39495,274,296,"All"
"48","9",830,238901,288,279,"All"
"48","96",308,104170,338,332,"All"
"48","NA",5769,1796633,311,311,"All"
"49","1",3425,588150,172,114,"All"
"49","16",38,9638,254,240,"All"
"49","20",1945,344632,177,122,"All"
"49","21",113,25973,230,197,"All"
"49","22",169,46642,276,300,"All"
"49","24",79,24654,312,317,"All"
"49","26",41,14138,345,325,"All"
"49","28",33,8674,263,279,"All"
"49","29",170,55021,324,281,"All"
"49","30",106,22162,209,225,"All"
"49","31",151,37922,251,235,"All"
"49","32",144,35209,245,264,"All"
"49","33",153,38704,253,213,"All"
"49","34",43,10960,255,271,"All"
"49","35",240,56346,235,237,"All"
"49","36",931,261339,281,287,"All"
"49","37",202,60778,301,306,"All"
"49","38",118,35957,305,304,"All"
"49","39",75,19899,265,289,"All"
"49","40",20,5013,251,273,"All"
"49","42",177,41225,233,241,"All"
"49","43",192,48404,252,187,"All"
"49","44",212,50964,240,254,"All"
"49","45",193,48585,252,280,"All"
"49","46",102,24008,235,220,"All"
"49","47",7660,1130484,148,103,"All"
"49","48",12466,1829517,147,91,"All"
"49","49",1144,276668,242,82,"All"
"49","50",281,76421,272,292,"All"
"49","51",532,144268,271,290,"All"
"49","53",20,3933,197,175,"All"
"49","55",34,7612,224,244,"All"
"49","56",718,129007,180,130,"All"
"49","57",860,192535,224,228,"All"
"49","58",4356,463424,106,64,"All"
"49","59",1028,131108,128,73,"All"
"49","72",18,6042,336,289,"All"
"49","80",45,12647,281,297,"All"
"49","81",31,8536,275,318,"All"
"49","88",162,46159,285,264,"All"
"49","9",493,121010,245,237,"All"
"49","96",64,18483,289,294,"All"
"49","NA",5419,1588546,293,297,"All"
"50","1",8143,2561946,315,292,"All"
"50","16",155,67464,435,324,"All"
"50","20",1363,534798,392,331,"All"
"50","21",192,72649,378,324,"All"
"50","22",547,206252,377,341,"All"
"50","24",279,118340,424,345,"All"
"50","26",133,58628,441,340,"All"
"50","28",538,232194,432,352,"All"
"50","29",3307,1207561,365,308,"All"
"50","30",400,145801,365,325,"All"
"50","31",410,158207,386,324,"All"
"50","32",452,179964,398,338,"All"
"50","33",92,41860,455,335,"All"
"50","34",99,44278,447,358,"All"
"50","35",946,394043,417,340,"All"
"50","36",3924,1654621,422,343,"All"
"50","37",2319,1004145,433,347,"All"
"50","38",3661,1409238,385,319,"All"
"50","39",664,260954,393,330,"All"
"50","40",5,2018,404,370,"All"
"50","42",230,93855,408,328,"All"
"50","43",64,28846,451,342,"All"
"50","44",67,31000,463,323,"All"
"50","45",318,131222,413,336,"All"
"50","46",543,242400,446,349,"All"
"50","47",2577,1183132,459,349,"All"
"50","48",393,165585,421,337,"All"
"50","49",367,143575,391,328,"All"
"50","50",13023,4762594,366,307,"All"
"50","51",10306,4198008,407,327,"All"
"50","53",26,10200,392,296,"All"
"50","55",12,3943,329,311,"All"
"50","56",108,47273,438,346,"All"
"50","57",388,176130,454,343,"All"
"50","58",189,74245,393,326,"All"
"50","59",39,13455,345,311,"All"
"50","72",115,37800,329,306,"All"
"50","80",693,315264,455,338,"All"
"50","81",2044,528350,258,148,"All"
"50","88",922,308667,335,304,"All"
"50","9",2082,776486,373,316,"All"
"50","96",257,101215,394,324,"All"
"50","NA",21614,7058530,327,306,"All"
"51","1",8417,4617473,549,434,"All"
"51","16",190,100185,527,434,"All"
"51","20",2075,1133773,546,442,"All"
"51","21",349,189714,544,432,"All"
"51","22",971,509138,524,435,"All"
"51","24",614,337609,550,464,"All"
"51","26",196,102511,523,428,"All"
"51","28",777,413966,533,432,"All"
"51","29",2990,1726214,577,464,"All"
"51","30",459,274341,598,453,"All"
"51","31",544,299476,551,434,"All"
"51","32",633,341741,540,429,"All"
"51","33",166,91626,552,460,"All"
"51","34",340,173223,509,430,"All"
"51","35",2310,1276262,552,463,"All"
"51","36",7856,4595309,585,479,"All"
"51","37",3996,2483089,621,504,"All"
"51","38",3431,1958847,571,467,"All"
"51","39",25216,8901827,353,257,"All"
"51","40",30,17424,581,510,"All"
"51","42",417,242834,582,450,"All"
"51","43",150,87733,585,506,"All"
"51","44",222,140486,633,500,"All"
"51","45",1013,584354,577,492,"All"
"51","46",1770,1036270,585,484,"All"
"51","47",6282,4011630,639,523,"All"
"51","48",835,481988,577,470,"All"
"51","49",791,487886,617,513,"All"
"51","50",10988,6270153,571,449,"All"
"51","51",16079,7406741,461,302,"All"
"51","53",78,48407,621,474,"All"
"51","55",69,40705,590,413,"All"
"51","56",282,179948,638,504,"All"
"51","57",1140,681565,598,482,"All"
"51","58",412,251139,610,505,"All"
"51","59",107,64768,605,488,"All"
"51","72",81,41841,517,452,"All"
"51","80",972,572519,589,464,"All"
"51","81",1111,625919,563,454,"All"
"51","88",904,487136,539,432,"All"
"51","9",3020,1757187,582,444,"All"
"51","96",353,189656,537,437,"All"
"51","NA",21674,10981465,507,411,"All"
"53","1",487,217400,446,387,"All"
"53","16",119,50108,421,372,"All"
"53","20",85,51108,601,400,"All"
"53","21",11,3378,307,347,"All"
"53","22",10,2709,271,226,"All"
"53","24",5,2467,493,507,"All"
"53","26",4,1964,491,502,"All"
"53","28",8,3814,477,424,"All"
"53","29",57,34918,613,379,"All"
"53","30",1538,636002,414,350,"All"
"53","31",1322,542385,410,351,"All"
"53","32",550,228558,416,357,"All"
"53","33",31,13993,451,400,"All"
"53","34",19,7509,395,333,"All"
"53","35",33,14079,427,402,"All"
"53","36",39,16964,435,393,"All"
"53","37",27,11276,418,417,"All"
"53","38",24,10920,455,408,"All"
"53","39",13,6090,468,461,"All"
"53","40",555,199333,359,307,"All"
"53","42",1412,585865,415,358,"All"
"53","43",297,124593,420,361,"All"
"53","44",41,18197,444,398,"All"
"53","45",66,25015,379,354,"All"
"53","46",10,5824,582,446,"All"
"53","47",86,36000,419,384,"All"
"53","48",71,28247,398,356,"All"
"53","49",39,18222,467,424,"All"
"53","50",32,13089,409,376,"All"
"53","51",76,37674,496,430,"All"
"53","53",940,644887,686,379,"All"
"53","55",1928,896606,465,398,"All"
"53","56",400,176881,442,398,"All"
"53","57",178,79418,446,380,"All"
"53","58",87,36582,420,405,"All"
"53","59",14,5621,402,414,"All"
"53","72",23,9002,391,374,"All"
"53","80",13,11368,874,533,"All"
"53","81",11,7555,687,417,"All"
"53","88",51,21839,428,367,"All"
"53","9",222,109034,491,368,"All"
"53","96",1834,776114,423,366,"All"
"53","NA",1098,488004,444,373,"All"
"55","1",353,128104,363,324,"All"
"55","16",47,19935,424,308,"All"
"55","20",98,36568,373,346,"All"
"55","21",12,4967,414,325,"All"
"55","22",8,3174,397,332,"All"
"55","24",9,3491,388,398,"All"
"55","26",3,996,332,298,"All"
"55","28",6,2656,443,415,"All"
"55","29",37,14010,379,326,"All"
"55","30",506,180492,357,324,"All"
"55","31",1124,376676,335,299,"All"
"55","32",392,134425,343,311,"All"
"55","33",27,9841,364,336,"All"
"55","34",22,8744,397,362,"All"
"55","35",47,15198,323,317,"All"
"55","36",23,8414,366,354,"All"
"55","37",16,5674,355,273,"All"
"55","38",15,7029,469,441,"All"
"55","39",6,3987,664,394,"All"
"55","40",120,48697,406,338,"All"
"55","42",1234,407181,330,278,"All"
"55","43",194,68197,352,333,"All"
"55","44",82,39792,485,340,"All"
"55","45",73,28432,389,345,"All"
"55","46",13,4754,366,344,"All"
"55","47",118,44261,375,357,"All"
"55","48",125,36451,292,283,"All"
"55","49",57,18423,323,298,"All"
"55","50",22,7926,360,406,"All"
"55","51",54,20407,378,364,"All"
"55","53",2434,950231,390,356,"All"
"55","55",871,421670,484,315,"All"
"55","56",2894,610416,211,132,"All"
"55","57",315,108894,346,328,"All"
"55","58",256,77548,303,276,"All"
"55","59",29,8927,308,294,"All"
"55","72",17,8858,521,432,"All"
"55","80",8,3696,462,406,"All"
"55","81",4,5554,1388,292,"All"
"55","88",19,6413,338,323,"All"
"55","9",149,60184,404,341,"All"
"55","96",473,175414,371,339,"All"
"55","NA",819,317516,388,334,"All"
"56","1",1336,367147,275,268,"All"
"56","16",64,22205,347,316,"All"
"56","20",1047,354646,339,302,"All"
"56","21",134,46867,350,330,"All"
"56","22",131,52898,404,366,"All"
"56","24",48,17142,357,346,"All"
"56","26",20,6457,323,333,"All"
"56","28",35,17555,502,353,"All"
"56","29",87,31927,367,328,"All"
"56","30",269,92650,344,321,"All"
"56","31",456,148979,327,300,"All"
"56","32",420,148175,353,330,"All"
"56","33",564,199795,354,334,"All"
"56","34",393,145916,371,339,"All"
"56","35",578,227978,394,369,"All"
"56","36",205,79849,390,369,"All"
"56","37",80,24228,303,318,"All"
"56","38",70,22967,328,318,"All"
"56","39",29,12159,419,310,"All"
"56","40",87,28616,329,324,"All"
"56","42",1036,323957,313,302,"All"
"56","43",3308,529091,160,112,"All"
"56","44",4202,1284149,306,282,"All"
"56","45",2043,712243,349,330,"All"
"56","46",187,71722,384,347,"All"
"56","47",2006,463166,231,204,"All"
"56","48",5478,916456,167,120,"All"
"56","49",1231,271000,220,175,"All"
"56","50",144,52488,364,334,"All"
"56","51",307,108391,353,326,"All"
"56","53",292,91414,313,312,"All"
"56","55",3154,598821,190,122,"All"
"56","56",1493,615184,412,321,"All"
"56","57",3245,1354825,418,379,"All"
"56","58",5370,1188993,221,155,"All"
"56","59",426,115715,272,226,"All"
"56","72",25,8588,344,325,"All"
"56","80",28,10133,362,323,"All"
"56","81",18,8762,487,364,"All"
"56","88",75,26977,360,318,"All"
"56","9",369,146107,396,344,"All"
"56","96",280,95793,342,320,"All"
"56","NA",2216,828513,374,339,"All"
"57","1",1636,721107,441,360,"All"
"57","16",41,20414,498,393,"All"
"57","20",1048,532265,508,409,"All"
"57","21",171,83262,487,398,"All"
"57","22",281,138735,494,420,"All"
"57","24",82,42405,517,340,"All"
"57","26",45,19501,433,372,"All"
"57","28",47,21985,468,361,"All"
"57","29",162,66913,413,342,"All"
"57","30",143,79780,558,411,"All"
"57","31",220,109708,499,434,"All"
"57","32",294,150543,512,448,"All"
"57","33",405,202091,499,406,"All"
"57","34",440,207649,472,392,"All"
"57","35",4820,1216026,252,144,"All"
"57","36",2705,745878,276,168,"All"
"57","37",191,73382,384,315,"All"
"57","38",156,63698,408,338,"All"
"57","39",65,21916,337,318,"All"
"57","40",25,12874,515,410,"All"
"57","42",174,82550,474,422,"All"
"57","43",113,53059,470,425,"All"
"57","44",459,257285,561,459,"All"
"57","45",1307,674026,516,425,"All"
"57","46",5656,860388,152,78,"All"
"57","47",6894,2416206,350,254,"All"
"57","48",1278,512081,401,356,"All"
"57","49",1743,758216,435,357,"All"
"57","50",308,122100,396,333,"All"
"57","51",599,220637,368,334,"All"
"57","53",155,85559,552,504,"All"
"57","55",349,201783,578,496,"All"
"57","56",2110,1179437,559,493,"All"
"57","57",3100,1392429,449,226,"All"
"57","58",3797,1703806,449,393,"All"
"57","59",885,465299,526,459,"All"
"57","72",18,10234,569,382,"All"
"57","80",51,25703,504,434,"All"
"57","81",22,7713,351,346,"All"
"57","88",122,52339,429,374,"All"
"57","9",601,301382,501,398,"All"
"57","96",176,84468,480,398,"All"
"57","NA",5127,2228980,435,365,"All"
"58","1",1328,325394,245,208,"All"
"58","16",30,9225,308,280,"All"
"58","20",1025,286741,280,196,"All"
"58","21",126,33655,267,252,"All"
"58","22",98,30963,316,284,"All"
"58","24",22,14004,637,316,"All"
"58","26",17,4930,290,289,"All"
"58","28",16,4403,275,276,"All"
"58","29",52,14713,283,286,"All"
"58","30",100,28921,289,312,"All"
"58","31",105,30696,292,300,"All"
"58","32",127,40715,321,316,"All"
"58","33",193,55125,286,265,"All"
"58","34",102,36384,357,317,"All"
"58","35",279,78452,281,251,"All"
"58","36",262,72538,277,278,"All"
"58","37",50,16282,326,318,"All"
"58","38",52,14689,282,299,"All"
"58","39",28,8612,308,290,"All"
"58","40",11,2928,266,246,"All"
"58","42",125,44928,359,318,"All"
"58","43",98,26881,274,288,"All"
"58","44",152,50659,333,293,"All"
"58","45",233,75121,322,313,"All"
"58","46",48,12963,270,295,"All"
"58","47",4567,884163,194,132,"All"
"58","48",5444,654146,120,74,"All"
"58","49",3932,517585,132,75,"All"
"58","50",119,36322,305,308,"All"
"58","51",190,61087,322,306,"All"
"58","53",88,26899,306,333,"All"
"58","55",420,92752,221,197,"All"
"58","56",8393,1404671,167,122,"All"
"58","57",3301,997099,302,304,"All"
"58","58",1180,1923194,1630,288,"All"
"58","59",3349,468789,140,74,"All"
"58","72",15,5980,399,373,"All"
"58","80",14,5031,359,319,"All"
"58","81",10,2768,277,288,"All"
"58","88",87,27490,316,310,"All"
"58","9",319,97042,304,305,"All"
"58","96",100,30330,303,312,"All"
"58","NA",2572,866110,337,321,"All"
"59","1",418,62604,150,93,"All"
"59","16",3,1285,428,423,"All"
"59","20",88,32441,369,194,"All"
"59","21",6,1678,280,270,"All"
"59","22",6,1176,196,242,"All"
"59","24",16,6227,389,326,"All"
"59","26",3,440,147,112,"All"
"59","28",3,1160,387,299,"All"
"59","29",10,1849,185,222,"All"
"59","30",15,4949,330,320,"All"
"59","31",23,5574,242,198,"All"
"59","32",29,8947,309,333,"All"
"59","33",14,6654,475,341,"All"
"59","34",9,1262,140,118,"All"
"59","35",27,9992,370,267,"All"
"59","36",31,5168,167,139,"All"
"59","37",4,1520,380,240,"All"
"59","38",4,1030,258,287,"All"
"59","39",3,670,223,278,"All"
"59","40",3,443,148,116,"All"
"59","42",16,4193,262,311,"All"
"59","43",6,1266,211,37,"All"
"59","44",19,5304,279,304,"All"
"59","45",18,3575,199,170,"All"
"59","46",10,2950,295,257,"All"
"59","47",279,54707,196,135,"All"
"59","48",662,121884,184,78,"All"
"59","49",1050,187533,179,94,"All"
"59","50",14,3756,268,198,"All"
"59","51",29,7141,246,273,"All"
"59","53",10,1730,173,128,"All"
"59","55",48,9996,208,156,"All"
"59","56",462,79993,173,122,"All"
"59","57",244,62912,258,216,"All"
"59","58",4745,838745,177,102,"All"
"59","59",357,256544,719,133,"All"
"59","72",3,833,278,286,"All"
"59","80",1,54,54,54,"All"
"59","88",6,2253,376,316,"All"
"59","9",51,13680,268,219,"All"
"59","96",19,5732,302,234,"All"
"59","NA",558,174262,312,302,"All"
"72","1",331,117470,355,305,"All"
"72","16",101,33254,329,313,"All"
"72","20",50,25141,503,315,"All"
"72","21",9,2668,296,293,"All"
"72","22",7,2273,325,333,"All"
"72","24",6,2509,418,412,"All"
"72","26",1,359,359,359,"All"
"72","28",8,2673,334,322,"All"
"72","29",26,8272,318,334,"All"
"72","30",1702,402364,236,215,"All"
"72","31",123,39769,323,318,"All"
"72","32",133,44231,333,310,"All"
"72","33",11,5182,471,337,"All"
"72","34",11,4831,439,378,"All"
"72","35",12,4760,397,310,"All"
"72","36",19,6802,358,315,"All"
"72","37",11,3833,348,332,"All"
"72","38",23,7164,311,311,"All"
"72","39",8,2642,330,350,"All"
"72","40",363,111686,308,294,"All"
"72","42",405,138093,341,312,"All"
"72","43",134,48500,362,318,"All"
"72","44",29,9322,321,323,"All"
"72","45",20,7293,365,344,"All"
"72","46",9,2702,300,284,"All"
"72","47",22,7065,321,299,"All"
"72","48",27,12419,460,329,"All"
"72","49",21,6245,297,301,"All"
"72","50",75,23716,316,299,"All"
"72","51",44,20308,462,347,"All"
"72","53",86,27158,316,314,"All"
"72","55",18,7227,402,302,"All"
"72","56",12,3392,283,290,"All"
"72","57",13,4932,379,359,"All"
"72","58",12,3915,326,329,"All"
"72","59",3,1167,389,287,"All"
"72","72",1104,2668291,2417,333,"All"
"72","80",9,2926,325,301,"All"
"72","81",14,39348,2811,2538,"All"
"72","88",1746,364128,209,121,"All"
"72","9",81,46002,568,299,"All"
"72","96",2270,583410,257,241,"All"
"72","NA",2870,1149485,401,326,"All"
"80","1",1827,764252,418,313,"All"
"80","16",61,29782,488,352,"All"
"80","20",477,222136,466,328,"All"
"80","21",82,29995,366,352,"All"
"80","22",148,61716,417,354,"All"
"80","24",133,53980,406,356,"All"
"80","26",45,18661,415,387,"All"
"80","28",23267,7166692,308,187,"All"
"80","29",3771,1214718,322,191,"All"
"80","30",123,49258,400,313,"All"
"80","31",118,47211,400,296,"All"
"80","32",190,79992,421,324,"All"
"80","33",34,14930,439,360,"All"
"80","34",37,14907,403,324,"All"
"80","35",212,90464,427,351,"All"
"80","36",873,363963,417,341,"All"
"80","37",1074,474460,442,347,"All"
"80","38",3011,1168716,388,277,"All"
"80","39",79,40499,513,361,"All"
"80","40",5,1856,371,316,"All"
"80","42",83,37779,455,340,"All"
"80","43",20,11950,598,351,"All"
"80","44",17,9328,549,463,"All"
"80","45",59,23098,391,357,"All"
"80","46",58,24367,420,349,"All"
"80","47",301,133283,443,356,"All"
"80","48",73,32508,445,325,"All"
"80","49",53,24025,453,363,"All"
"80","50",503,223293,444,346,"All"
"80","51",700,306182,437,351,"All"
"80","53",10,1824,182,160,"All"
"80","55",7,5175,739,422,"All"
"80","56",21,8144,388,343,"All"
"80","57",48,19755,412,326,"All"
"80","58",21,7253,345,310,"All"
"80","59",4,1414,354,297,"All"
"80","72",17,7853,462,425,"All"
"80","80",6460,2405526,372,177,"All"
"80","81",289,131691,456,360,"All"
"80","88",209,92650,443,319,"All"
"80","9",688,316362,460,334,"All"
"80","96",72,28508,396,308,"All"
"80","NA",4272,1935499,453,342,"All"
"81","1",1248,468218,375,309,"All"
"81","16",39,18317,470,309,"All"
"81","20",324,132389,409,339,"All"
"81","21",53,18006,340,325,"All"
"81","22",74,26692,361,324,"All"
"81","24",58,20386,351,330,"All"
"81","26",19,6503,342,306,"All"
"81","28",421,144586,343,324,"All"
"81","29",1087,383954,353,321,"All"
"81","30",99,53047,536,343,"All"
"81","31",59,19233,326,333,"All"
"81","32",83,33171,400,335,"All"
"81","33",14,7632,545,374,"All"
"81","34",19,7520,396,331,"All"
"81","35",137,47920,350,326,"All"
"81","36",696,255034,366,339,"All"
"81","37",510,194093,381,344,"All"
"81","38",1154,428749,372,338,"All"
"81","39",70,42767,611,348,"All"
"81","40",3,1167,389,424,"All"
"81","42",33,11563,350,328,"All"
"81","43",13,4269,328,335,"All"
"81","44",8,3129,391,322,"All"
"81","45",40,15563,389,348,"All"
"81","46",60,20611,344,332,"All"
"81","47",270,97998,363,342,"All"
"81","48",38,17670,465,352,"All"
"81","49",38,16827,443,309,"All"
"81","50",1920,516254,269,197,"All"
"81","51",985,324108,329,320,"All"
"81","53",8,5738,717,334,"All"
"81","55",3,880,293,287,"All"
"81","56",10,3990,399,344,"All"
"81","57",38,14431,380,370,"All"
"81","58",22,7920,360,317,"All"
"81","59",5,1728,346,330,"All"
"81","72",17,5091,299,312,"All"
"81","80",570,212658,373,344,"All"
"81","81",2878,1724494,599,139,"All"
"81","88",141,55887,396,306,"All"
"81","9",447,151115,338,309,"All"
"81","96",51,30011,588,345,"All"
"81","NA",2116,817138,386,315,"All"
"88","1",2322,736716,317,284,"All"
"88","16",71,24263,342,324,"All"
"88","20",209,103844,497,327,"All"
"88","21",27,9570,354,329,"All"
"88","22",20,7143,357,321,"All"
"88","24",11,3160,287,317,"All"
"88","26",3,1138,379,340,"All"
"88","28",14,5960,426,305,"All"
"88","29",86,31089,362,312,"All"
"88","30",579,168545,291,273,"All"
"88","31",121,43266,358,326,"All"
"88","32",106,40699,384,332,"All"
"88","33",11,4465,406,300,"All"
"88","34",11,3539,322,336,"All"
"88","35",39,16138,414,338,"All"
"88","36",51,15196,298,302,"All"
"88","37",25,12549,502,319,"All"
"88","38",68,28200,415,350,"All"
"88","39",45,18805,418,333,"All"
"88","40",110,35923,327,306,"All"
"88","42",196,66128,337,320,"All"
"88","43",53,17705,334,332,"All"
"88","44",63,25305,402,362,"All"
"88","45",15,6475,432,345,"All"
"88","46",7,3054,436,358,"All"
"88","47",32,18598,581,332,"All"
"88","48",90,32895,366,326,"All"
"88","49",151,48235,319,273,"All"
"88","50",528,178728,338,308,"All"
"88","51",87,38621,444,336,"All"
"88","53",18,9876,549,316,"All"
"88","55",16,6714,420,361,"All"
"88","56",12,3888,324,306,"All"
"88","57",45,16201,360,356,"All"
"88","58",65,37531,577,353,"All"
"88","59",6,1848,308,326,"All"
"88","72",2115,477181,226,120,"All"
"88","80",24,9336,389,334,"All"
"88","81",21,8884,423,358,"All"
"88","88",3627,6771862,1867,381,"All"
"88","9",295,119980,407,335,"All"
"88","96",702,209444,298,280,"All"
"88","NA",20746,8640680,416,346,"All"
"9","1",37719,9120226,242,118,"All"
"9","16",2330,480919,206,93,"All"
"9","20",10057,2312425,230,120,"All"
"9","21",1000,228613,229,132,"All"
"9","22",615,162397,264,162,"All"
"9","24",311,80378,258,179,"All"
"9","26",82,20908,255,180,"All"
"9","28",417,102137,245,116,"All"
"9","29",3580,834546,233,118,"All"
"9","30",5649,1200438,213,95,"All"
"9","31",5766,1162730,202,87,"All"
"9","32",5111,1058251,207,95,"All"
"9","33",197,48278,245,171,"All"
"9","34",143,38436,269,147,"All"
"9","35",669,185199,277,154,"All"
"9","36",1467,388925,265,148,"All"
"9","37",915,241658,264,128,"All"
"9","38",1242,306393,247,122,"All"
"9","39",268,71942,268,140,"All"
"9","40",72,16481,229,104,"All"
"9","42",1832,358984,196,96,"All"
"9","43",130,37210,286,160,"All"
"9","44",80,18406,230,108,"All"
"9","45",180,51075,284,220,"All"
"9","46",197,50634,257,148,"All"
"9","47",684,181245,265,153,"All"
"9","48",347,98230,283,145,"All"
"9","49",421,122195,290,144,"All"
"9","50",2203,586969,266,132,"All"
"9","51",2275,567093,249,130,"All"
"9","53",169,39180,232,132,"All"
"9","55",108,22696,210,96,"All"
"9","56",117,33283,284,185,"All"
"9","57",228,69405,304,160,"All"
"9","58",182,47979,264,153,"All"
"9","59",56,15591,278,164,"All"
"9","72",285,77234,271,132,"All"
"9","80",526,133164,253,123,"All"
"9","81",439,115616,263,150,"All"
"9","88",2793,772365,277,136,"All"
"9","9",38638,10398161,269,132,"All"
"9","96",2598,558810,215,100,"All"
"9","NA",51897,15702824,303,168,"All"
"96","1",4532,1502856,332,270,"All"
"96","16",10493,2899907,276,205,"All"
"96","20",1341,459022,342,293,"All"
"96","21",159,54913,345,300,"All"
"96","22",148,57891,391,338,"All"
"96","24",65,21953,338,333,"All"
"96","26",41,21210,517,380,"All"
"96","28",120,48380,403,304,"All"
"96","29",861,264146,307,252,"All"
"96","30",49149,13786387,281,193,"All"
"96","31",5122,1676836,327,270,"All"
"96","32",9113,3011279,330,270,"All"
"96","33",181,68265,377,356,"All"
"96","34",136,54732,402,350,"All"
"96","35",227,88012,388,333,"All"
"96","36",420,146675,349,317,"All"
"96","37",209,84805,406,322,"All"
"96","38",286,92968,325,294,"All"
"96","39",89,30693,345,302,"All"
"96","40",3136,1043229,333,287,"All"
"96","42",6950,2606140,375,328,"All"
"96","43",937,412531,440,364,"All"
"96","44",193,85127,441,372,"All"
"96","45",228,100406,440,370,"All"
"96","46",55,20933,381,338,"All"
"96","47",316,120892,383,338,"All"
"96","48",208,77181,371,330,"All"
"96","49",158,59612,377,320,"All"
"96","50",476,168287,354,296,"All"
"96","51",725,254163,351,305,"All"
"96","53",1378,559423,406,340,"All"
"96","55",299,127566,427,366,"All"
"96","56",225,111163,494,377,"All"
"96","57",183,84476,462,371,"All"
"96","58",71,31945,450,375,"All"
"96","59",14,6335,452,426,"All"
"96","72",2435,898203,369,326,"All"
"96","80",122,42634,349,318,"All"
"96","81",99,36245,366,304,"All"
"96","88",1041,412406,396,331,"All"
"96","9",2832,1013821,358,277,"All"
"96","96",11091,4763054,429,318,"All"
"96","NA",10299,4069726,395,325,"All"
